embedded_stage,parent_stage,source_parent_stage,translation_x,translation_y,translation_z,rotation_x,rotation_y,rotation_z,scale_x,scale_y,scale_z,matrix_00,matrix_01,matrix_02,matrix_03,matrix_10,matrix_11,matrix_12,matrix_13,matrix_20,matrix_21,matrix_22,matrix_23,scenario_indices,status,notes
CityWorld2DSign000Zone,CityWorldHomeStage,CityWorldHomeStage,-4900.000000,1600.000000,8950.000000,0.000000,0.000000,0.000000,1.000000,1.000000,1.000000,1.000000,0.000000,0.000000,-4900.000000,0.000000,1.000000,0.000000,1600.000000,0.000000,0.000000,1.000000,8950.000000,2;6;10;13,active,Loaded through CityWorldHomeStage -> CityWorld2DSign000Zone.
CityWorld2DSign001Zone,CityWorldHomeStage,CityWorldHomeStage,-2200.000000,3250.000000,4400.000000,0.000000,0.000000,0.000000,1.000000,1.000000,1.000000,1.000000,0.000000,0.000000,-2200.000000,0.000000,1.000000,0.000000,3250.000000,0.000000,0.000000,1.000000,4400.000000,2;6;10;13,active,Loaded through CityWorldHomeStage -> CityWorld2DSign001Zone.
CityWorld2DSign002Zone,CityWorldHomeStage,CityWorldHomeStage,-1000.000000,2050.000000,1750.000000,0.000000,90.000000,0.000000,1.000000,1.000000,1.000000,0.000000,0.000000,1.000000,-1000.000000,0.000000,1.000000,0.000000,2050.000000,-1.000000,0.000000,0.000000,1750.000000,2;6;10;13,active,Loaded through CityWorldHomeStage -> CityWorld2DSign002Zone.
CityWorld2DSign003Zone,CityWorldHomeStage,CityWorldHomeStage,-4450.000000,3250.000000,-2800.000000,0.000000,90.000000,0.000000,1.000000,1.000000,1.000000,0.000000,0.000000,1.000000,-4450.000000,0.000000,1.000000,0.000000,3250.000000,-1.000000,0.000000,0.000000,-2800.000000,2;6;10;13,active,Loaded through CityWorldHomeStage -> CityWorld2DSign003Zone.
CityWorld2DSign004Zone,CityWorldHomeStage,CityWorldHomeStage,-4539.210938,84.531250,-4743.570312,0.000000,90.000000,0.000000,1.000000,1.000000,1.000000,0.000000,0.000000,1.000000,-4539.210938,0.000000,1.000000,0.000000,84.531250,-1.000000,0.000000,0.000000,-4743.570312,2;6;10;13,active,Loaded through CityWorldHomeStage -> CityWorld2DSign004Zone.
CityWorld2DSign005Zone,CityWorldHomeStage,CityWorldHomeStage,-6100.000000,4150.000000,-13000.000000,0.000000,-90.000000,0.000000,1.000000,1.000000,1.000000,0.000000,0.000000,-1.000000,-6100.000000,0.000000,1.000000,0.000000,4150.000000,1.000000,0.000000,0.000000,-13000.000000,2;6;10,active,Loaded through CityWorldHomeStage -> CityWorld2DSign005Zone.
CityWorld2DSign006Zone,CityWorldHomeStage,CityWorldHomeStage,0.000000,9800.000000,-6900.000000,0.000000,0.000000,0.000000,1.000000,1.000000,1.000000,1.000000,0.000000,0.000000,0.000000,0.000000,1.000000,0.000000,9800.000000,0.000000,0.000000,1.000000,-6900.000000,2;6;10,active,Loaded through CityWorldHomeStage -> CityWorld2DSign006Zone.
CityWorldFactory01Zone,CityWorldFactoryStage,CityWorldFactoryStage,43250.000000,900.000000,-1500.000000,0.000000,0.000000,0.000000,1.000000,1.000000,1.000000,1.000000,0.000000,0.000000,43250.000000,0.000000,1.000000,0.000000,900.000000,0.000000,0.000000,1.000000,-1500.000000,0;1;2;3;4;5;6;7;8;9;10;11;12;13;14,active,Loaded through CityWorldFactoryStage -> CityWorldFactory01Zone.
CityWorldTimerAthletic000Zone,CityWorldHomeStage,CityWorldHomeStage,0.000000,50.000000,-4500.000000,0.000000,0.000000,0.000000,1.000000,1.000000,1.000000,1.000000,0.000000,0.000000,0.000000,0.000000,1.000000,0.000000,50.000000,0.000000,0.000000,1.000000,-4500.000000,1;3;4;5;7;8;9;11;12,active,Loaded through CityWorldHomeStage -> CityWorldTimerAthletic000Zone.
CityWorldTimerAthletic002Zone,CityWorldHomeStage,CityWorldHomeStage,0.000000,14800.000000,-11700.000000,0.000000,0.000000,0.000000,1.000000,1.000000,1.000000,1.000000,0.000000,0.000000,0.000000,0.000000,1.000000,0.000000,14800.000000,0.000000,0.000000,1.000000,-11700.000000,3;4;7,active,Loaded through CityWorldHomeStage -> CityWorldTimerAthletic002Zone.
CityWorldTimerAthletic003Zone,CityWorldHomeStage,CityWorldHomeStage,0.000000,200.000000,-50.000000,0.000000,0.000000,0.000000,1.000000,1.000000,1.000000,1.000000,0.000000,0.000000,0.000000,0.000000,1.000000,0.000000,200.000000,0.000000,0.000000,1.000000,-50.000000,3;4;7,active,Loaded through CityWorldHomeStage -> CityWorldTimerAthletic003Zone.
ForestWorld2DRoadZone,ForestWorldHomeStage,ForestWorldHomeStage,7550.000000,9600.000000,-11475.030273,180.000000,0.000000,180.000000,1.000000,1.000000,1.000000,-1.000000,0.000000,0.000000,7550.000000,0.000000,1.000000,0.000000,9600.000000,0.000000,0.000000,-1.000000,-11475.030273,0;1;2;3;4;5;6;7;8;9;10;11;12;13;14,active,Loaded through ForestWorldHomeStage -> ForestWorld2DRoadZone.
ForestWorldAthleticZone,ForestWorldHomeStage,ForestWorldHomeStage,7750.000000,2400.000000,-2800.000000,0.000000,90.000000,0.000000,1.000000,1.000000,1.000000,0.000000,0.000000,1.000000,7750.000000,0.000000,1.000000,0.000000,2400.000000,-1.000000,0.000000,0.000000,-2800.000000,0;1;2;3;4;5;6;7;8;9;10;11;12;13;14,active,Loaded through ForestWorldHomeStage -> ForestWorldAthleticZone.
ForestWorldTimerAthletic001Zone,ForestWorldHomeStage,ForestWorldHomeStage,-7300.000000,3500.000000,-7850.000000,0.000000,0.000000,0.000000,1.000000,1.000000,1.000000,1.000000,0.000000,0.000000,-7300.000000,0.000000,1.000000,0.000000,3500.000000,0.000000,0.000000,1.000000,-7850.000000,2;3;4,active,Loaded through ForestWorldHomeStage -> ForestWorldTimerAthletic001Zone.
LakeWorld2DZone,LakeWorldHomeStage,LakeWorldHomeStage,-14200.000000,1450.000000,1250.000000,180.000000,0.000000,180.000000,1.000000,1.000000,1.000000,-1.000000,0.000000,0.000000,-14200.000000,0.000000,1.000000,0.000000,1450.000000,0.000000,0.000000,-1.000000,1250.000000,0;1;2;3;4;5;6;7;8;9;10;11;12;13;14,active,Loaded through LakeWorldHomeStage -> LakeWorld2DZone.
LakeWorldTimerAthletic000Zone,LakeWorldHomeStage,LakeWorldHomeStage,-11200.000000,2450.000000,-4850.000000,0.000000,0.000000,0.000000,1.000000,1.000000,1.000000,1.000000,0.000000,0.000000,-11200.000000,0.000000,1.000000,0.000000,2450.000000,0.000000,0.000000,1.000000,-4850.000000,1;2;3,active,Loaded through LakeWorldHomeStage -> LakeWorldTimerAthletic000Zone.
LakeWorldTownZone,LakeWorldHomeStage,LakeWorldHomeStage,-15500.000000,0.000000,-3150.000000,0.000000,0.000000,0.000000,1.000000,1.000000,1.000000,1.000000,0.000000,0.000000,-15500.000000,0.000000,1.000000,0.000000,0.000000,0.000000,0.000000,1.000000,-3150.000000,0;1;2;3;4;5;6;7;8;9;10;11;12;13;14,active,Loaded through LakeWorldHomeStage -> LakeWorldTownZone.
LavaWorldCaveZone,LavaWorldHomeStage,LavaWorldHomeStage,-3300.000000,-46100.000000,126100.000000,0.000000,90.000000,0.000000,1.000000,1.000000,1.000000,0.000000,0.000000,1.000000,-3300.000000,0.000000,1.000000,0.000000,-46100.000000,-1.000000,0.000000,0.000000,126100.000000,1;2;3;6;7;8,active,Loaded through LavaWorldHomeStage -> LavaWorldCaveZone.
LavaWorldIslandZone,LavaWorldHomeStage,LavaWorldHomeStage,-17250.000000,1500.000000,-19250.000000,180.000000,45.000000,180.000000,1.000000,1.000000,1.000000,-0.707107,0.000000,0.707107,-17250.000000,0.000000,1.000000,0.000000,1500.000000,-0.707107,0.000000,-0.707107,-19250.000000,0;1;2;3;4;5;6;7;8;9;10;11;12;13;14,active,Loaded through LavaWorldHomeStage -> LavaWorldIslandZone.
LavaWorldTimerAthletic000Zone,LavaWorldHomeStage,LavaWorldHomeStage,19150.000000,1700.000000,13450.000000,0.000000,-90.000000,0.000000,1.000000,1.000000,1.000000,0.000000,0.000000,-1.000000,19150.000000,0.000000,1.000000,0.000000,1700.000000,1.000000,0.000000,0.000000,13450.000000,0;1;2;6;7;9,active,Loaded through LavaWorldHomeStage -> LavaWorldTimerAthletic000Zone.
LavaWorldTimerAthletic001Zone,LavaWorldHomeStage,LavaWorldHomeStage,7950.000000,1000.000000,4750.000000,0.000000,0.000000,0.000000,1.000000,1.000000,1.000000,1.000000,0.000000,0.000000,7950.000000,0.000000,1.000000,0.000000,1000.000000,0.000000,0.000000,1.000000,4750.000000,1;2;6;7,active,Loaded through LavaWorldHomeStage -> LavaWorldTimerAthletic001Zone.
MoonWorldBasement000Zone,MoonWorldBasementStage,MoonWorldBasementStage,500.000000,1600.000000,8400.000000,0.000000,0.000000,0.000000,1.000000,1.000000,1.000000,1.000000,0.000000,0.000000,500.000000,0.000000,1.000000,0.000000,1600.000000,0.000000,0.000000,1.000000,8400.000000,0;1;2;3;4;5;6;7;8;9;10;11;12;13;14,active,Loaded through MoonWorldBasementStage -> MoonWorldBasement000Zone.
MoonWorldBasement001Zone,MoonWorldBasementStage,MoonWorldBasementStage,-3200.000000,-2200.000000,95450.000000,0.000000,0.000000,0.000000,1.000000,1.000000,1.000000,1.000000,0.000000,0.000000,-3200.000000,0.000000,1.000000,0.000000,-2200.000000,0.000000,0.000000,1.000000,95450.000000,0;1;2;3;4;5;6;7;8;9;10;11;12;13;14,active,Loaded through MoonWorldBasementStage -> MoonWorldBasement001Zone.
MoonWorldBasement002Zone,MoonWorldBasementStage,MoonWorldBasementStage,100.000000,5700.000000,58950.000000,0.000000,0.000000,0.000000,1.000000,1.000000,1.000000,1.000000,0.000000,0.000000,100.000000,0.000000,1.000000,0.000000,5700.000000,0.000000,0.000000,1.000000,58950.000000,0;1;2;3;4;5;6;7;8;9;10;11;12;13;14,active,Loaded through MoonWorldBasementStage -> MoonWorldBasement002Zone.
MoonWorldBasement003Zone,MoonWorldBasementStage,MoonWorldBasementStage,-10095.000000,6250.000000,61150.000000,0.000000,90.000000,0.000000,1.000000,1.000000,1.000000,0.000000,0.000000,1.000000,-10095.000000,0.000000,1.000000,0.000000,6250.000000,-1.000000,0.000000,0.000000,61150.000000,0;1;2;3;4;5;6;7;8;9;10;11;12;13;14,active,Loaded through MoonWorldBasementStage -> MoonWorldBasement003Zone.
MoonWorldBasement004Zone,MoonWorldBasementStage,MoonWorldBasementStage,-40150.000000,7550.000000,69800.000000,0.000000,90.000000,0.000000,1.000000,1.000000,1.000000,0.000000,0.000000,1.000000,-40150.000000,0.000000,1.000000,0.000000,7550.000000,-1.000000,0.000000,0.000000,69800.000000,0;1;2;3;4;5;6;7;8;9;10;11;12;13;14,active,Loaded through MoonWorldBasementStage -> MoonWorldBasement004Zone.
MoonWorldCaptureParadeBullZone,MoonWorldCaptureParadeStage,MoonWorldCaptureParadeStage,55000.000000,14400.000000,-32600.000000,0.000000,0.000000,0.000000,1.000000,1.000000,1.000000,1.000000,0.000000,0.000000,55000.000000,0.000000,1.000000,0.000000,14400.000000,0.000000,0.000000,1.000000,-32600.000000,0;1;2;3;4;5;6;7;8;9;10;11;12;13;14,active,Loaded through MoonWorldCaptureParadeStage -> MoonWorldCaptureParadeBullZone.
MoonWorldCaptureParadeKillerZone,MoonWorldCaptureParadeStage,MoonWorldCaptureParadeStage,16940.000000,9700.000000,-29710.000000,180.000000,-45.000000,180.000000,1.000000,1.000000,1.000000,-0.707107,0.000000,-0.707107,16940.000000,0.000000,1.000000,0.000000,9700.000000,0.707107,0.000000,-0.707107,-29710.000000,0;1;2;3;4;5;6;7;8;9;10;11;12;13;14,active,Loaded through MoonWorldCaptureParadeStage -> MoonWorldCaptureParadeKillerZone.
MoonWorldCaptureParadeLavaPillarZone,MoonWorldCaptureParadeStage,MoonWorldCaptureParadeStage,5350.000000,-550.000000,-3550.000000,0.000000,90.000000,0.000000,1.000000,1.000000,1.000000,0.000000,0.000000,1.000000,5350.000000,0.000000,1.000000,0.000000,-550.000000,-1.000000,0.000000,0.000000,-3550.000000,0;1;2;3;4;5;6;7;8;9;10;11;12;13;14,active,Loaded through MoonWorldCaptureParadeStage -> MoonWorldCaptureParadeLavaPillarZone.
MoonWorldCaptureParadeLiftZone,MoonWorldCaptureParadeStage,MoonWorldCaptureParadeStage,550.000000,9150.000000,-23150.000000,0.000000,0.000000,0.000000,1.000000,1.000000,1.000000,1.000000,0.000000,0.000000,550.000000,0.000000,1.000000,0.000000,9150.000000,0.000000,0.000000,1.000000,-23150.000000,0;1;2;3;4;5;6;7;8;9;10;11;12;13;14,active,Loaded through MoonWorldCaptureParadeStage -> MoonWorldCaptureParadeLiftZone.
MoonWorldCaptureParadeMeganeZone,MoonWorldCaptureParadeStage,MoonWorldCaptureParadeStage,38550.000000,10300.000000,-3800.000000,0.000000,-90.000000,0.000000,1.000000,1.000000,1.000000,0.000000,0.000000,-1.000000,38550.000000,0.000000,1.000000,0.000000,10300.000000,1.000000,0.000000,0.000000,-3800.000000,0;1;2;3;4;5;6;7;8;9;10;11;12;13;14,active,Loaded through MoonWorldCaptureParadeStage -> MoonWorldCaptureParadeMeganeZone.
MoonWorldHome2DZone,MoonWorldHomeStage,MoonWorldHomeStage,5950.000000,700.000000,35900.000000,0.000000,90.000000,0.000000,1.000000,1.000000,1.000000,0.000000,0.000000,1.000000,5950.000000,0.000000,1.000000,0.000000,700.000000,-1.000000,0.000000,0.000000,35900.000000,0;1;2;3;4;5;6;7;8;9;10;11;12;13;14,active,Loaded through MoonWorldHomeStage -> MoonWorldHome2DZone.
MoonWorldWeddingRoomZone,MoonWorldWeddingRoomStage,MoonWorldWeddingRoomStage,0.000000,0.000000,0.000000,0.000000,0.000000,0.000000,1.000000,1.000000,1.000000,1.000000,0.000000,0.000000,0.000000,0.000000,1.000000,0.000000,0.000000,0.000000,0.000000,1.000000,0.000000,0;1;2;3;4;5;6;7;8;9;10;11;12;13;14,active,Loaded through MoonWorldWeddingRoomStage -> MoonWorldWeddingRoomZone.
PeachWorldPictureRoomDokanZone,PeachWorldPictureBossRaidStage,PeachWorldPictureBossRaidStage,0.000000,0.000000,0.000000,0.000000,0.000000,0.000000,1.000000,1.000000,1.000000,1.000000,0.000000,0.000000,0.000000,0.000000,1.000000,0.000000,0.000000,0.000000,0.000000,1.000000,0.000000,0;1;2;3;4;5;6;7;8;9;10;11;12;13;14,ambiguous_unused,Reused by multiple loading stages; ignored because it has no authored logic data.
PeachWorldPictureRoomDokanZone,PeachWorldPictureGiantWanderBossStage,PeachWorldPictureGiantWanderBossStage,0.000000,0.000000,0.000000,0.000000,0.000000,0.000000,1.000000,1.000000,1.000000,1.000000,0.000000,0.000000,0.000000,0.000000,1.000000,0.000000,0.000000,0.000000,0.000000,1.000000,0.000000,0;1;2;3;4;5;6;7;8;9;10;11;12;13;14,ambiguous_unused,Reused by multiple loading stages; ignored because it has no authored logic data.
PeachWorldPictureRoomZone,PeachWorldPictureBossForestStage,PeachWorldPictureBossForestStage,0.000000,0.000000,0.000000,0.000000,0.000000,0.000000,1.000000,1.000000,1.000000,1.000000,0.000000,0.000000,0.000000,0.000000,1.000000,0.000000,0.000000,0.000000,0.000000,1.000000,0.000000,0;1;2;3;4;5;6;7;8;9;10;11;12;13;14,ambiguous_unused,Reused by multiple loading stages; ignored because it has no authored logic data.
PeachWorldPictureRoomZone,PeachWorldPictureBossKnuckleStage,PeachWorldPictureBossKnuckleStage,0.000000,0.000000,0.000000,0.000000,0.000000,0.000000,1.000000,1.000000,1.000000,1.000000,0.000000,0.000000,0.000000,0.000000,1.000000,0.000000,0.000000,0.000000,0.000000,1.000000,0.000000,0;1;2;3;4;5;6;7;8;9;10;11;12;13;14,ambiguous_unused,Reused by multiple loading stages; ignored because it has no authored logic data.
PeachWorldPictureRoomZone,PeachWorldPictureBossMagmaStage,PeachWorldPictureBossMagmaStage,0.000000,0.000000,0.000000,0.000000,0.000000,0.000000,1.000000,1.000000,1.000000,1.000000,0.000000,0.000000,0.000000,0.000000,1.000000,0.000000,0.000000,0.000000,0.000000,1.000000,0.000000,0;1;2;3;4;5;6;7;8;9;10;11;12;13;14,ambiguous_unused,Reused by multiple loading stages; ignored because it has no authored logic data.
PeachWorldPictureRoomZone,PeachWorldPictureMofumofuStage,PeachWorldPictureMofumofuStage,0.000000,0.000000,0.000000,0.000000,0.000000,0.000000,1.000000,1.000000,1.000000,1.000000,0.000000,0.000000,0.000000,0.000000,1.000000,0.000000,0.000000,0.000000,0.000000,1.000000,0.000000,0;1;2;3;4;5;6;7;8;9;10;11;12;13;14,ambiguous_unused,Reused by multiple loading stages; ignored because it has no authored logic data.
SandWorldHomeTownZone,SandWorldHomeStage,SandWorldHomeStage,20850.000000,-2450.000000,-12500.000000,0.000000,0.000000,0.000000,1.000000,1.000000,1.000000,1.000000,0.000000,0.000000,20850.000000,0.000000,1.000000,0.000000,-2450.000000,0.000000,0.000000,1.000000,-12500.000000,0;1;2;3;4;5;6;7;8;9;10;11;12;13;14,active,Loaded through SandWorldHomeStage -> SandWorldHomeTownZone.
SandWorldKillerTowerZone,SandWorldHomeStage,SandWorldHomeStage,-6200.000000,1900.000000,-16550.000000,180.000000,60.000000,180.000000,1.000000,1.000000,1.000000,-0.500000,0.000000,0.866025,-6200.000000,0.000000,1.000000,0.000000,1900.000000,-0.866025,0.000000,-0.500000,-16550.000000,0;1;2;3;4;5;6;7;8;9;10;11;12;13;14,active,Loaded through SandWorldHomeStage -> SandWorldKillerTowerZone.
SeaWorld2DLargeZone,SeaWorldHomeStage,SeaWorldHomeStage,-7600.000000,-950.000000,-17900.000000,0.000000,0.000000,0.000000,1.000000,1.000000,1.000000,1.000000,0.000000,0.000000,-7600.000000,0.000000,1.000000,0.000000,-950.000000,0.000000,0.000000,1.000000,-17900.000000,0;1;2;3;4;5;6;7;8;9;10;11;12;13;14,active,Loaded through SeaWorldHomeStage -> SeaWorld2DLargeZone.
SeaWorld2DSmallZone,SeaWorldHomeStage,SeaWorldHomeStage,15900.000000,-5050.000000,-22000.000000,0.000000,90.000000,0.000000,1.000000,1.000000,1.000000,0.000000,0.000000,1.000000,15900.000000,0.000000,1.000000,0.000000,-5050.000000,-1.000000,0.000000,0.000000,-22000.000000,0;1;2;3;4;5;6;7;8;9;10;11;12;13;14,active,Loaded through SeaWorldHomeStage -> SeaWorld2DSmallZone.
SeaWorldBeachVolleyBallZone,SeaWorldHomeStage,SeaWorldHomeStage,-18200.000000,550.000000,-3700.000000,180.000000,45.000000,180.000000,1.000000,1.000000,1.000000,-0.707107,0.000000,0.707107,-18200.000000,0.000000,1.000000,0.000000,550.000000,-0.707107,0.000000,-0.707107,-3700.000000,0;1;2;3;4;5;6;7;8;9;10;11;12;13;14,active,Loaded through SeaWorldHomeStage -> SeaWorldBeachVolleyBallZone.
SeaWorldBottomHollowZone,SeaWorldHomeStage,SeaWorldHomeStage,21500.000000,-6050.000000,-8300.000000,180.000000,-45.000000,180.000000,1.000000,1.000000,1.000000,-0.707107,0.000000,-0.707107,21500.000000,0.000000,1.000000,0.000000,-6050.000000,0.707107,0.000000,-0.707107,-8300.000000,0;1;2;3;4;5;6;7;8;9;10;11;12;13;14,active,Loaded through SeaWorldHomeStage -> SeaWorldBottomHollowZone.
SeaWorldCoveCaveZone,SeaWorldHomeStage,SeaWorldHomeStage,-9000.000000,-150.000000,1500.000000,0.000000,0.000000,0.000000,1.000000,1.000000,1.000000,1.000000,0.000000,0.000000,-9000.000000,0.000000,1.000000,0.000000,-150.000000,0.000000,0.000000,1.000000,1500.000000,0;1;2;3;4;5;6;7;8;9;10;11;12;13;14,active,Loaded through SeaWorldHomeStage -> SeaWorldCoveCaveZone.
SeaWorldDamageBallZone,SeaWorldHomeStage,SeaWorldHomeStage,10700.000000,550.000000,1600.000000,180.000000,-45.000000,180.000000,1.000000,1.000000,1.000000,-0.707107,0.000000,-0.707107,10700.000000,0.000000,1.000000,0.000000,550.000000,0.707107,0.000000,-0.707107,1600.000000,0;1;2;3;4;5;6;7;8;9;10;11;12;13;14,active,Loaded through SeaWorldHomeStage -> SeaWorldDamageBallZone.
SeaWorldLavaZone,SeaWorldHomeStage,SeaWorldHomeStage,14950.000000,450.000000,-26000.000000,0.000000,45.000000,0.000000,1.000000,1.000000,1.000000,0.707107,0.000000,0.707107,14950.000000,0.000000,1.000000,0.000000,450.000000,-0.707107,0.000000,0.707107,-26000.000000,0;1;2;3;4;5;6;7;8;9;10;11;12;13;14,active,Loaded through SeaWorldHomeStage -> SeaWorldLavaZone.
SeaWorldLighthouseZone,SeaWorldHomeStage,SeaWorldHomeStage,-17400.000000,650.000000,-20700.000000,0.000000,0.000000,0.000000,1.000000,1.000000,1.000000,1.000000,0.000000,0.000000,-17400.000000,0.000000,1.000000,0.000000,650.000000,0.000000,0.000000,1.000000,-20700.000000,0;1;2;3;4;5;6;7;8;9;10;11;12;13;14,active,Loaded through SeaWorldHomeStage -> SeaWorldLighthouseZone.
SeaWorldLongReefZone,SeaWorldHomeStage,SeaWorldHomeStage,13400.000000,450.000000,-13700.000000,0.000000,0.000000,0.000000,1.000000,1.000000,1.000000,1.000000,0.000000,0.000000,13400.000000,0.000000,1.000000,0.000000,450.000000,0.000000,0.000000,1.000000,-13700.000000,0;1;2;3;4;5;6;7;8;9;10;11;12;13;14,active,Loaded through SeaWorldHomeStage -> SeaWorldLongReefZone.
SeaWorldSphinxQuizZone,SeaWorldHomeStage,SeaWorldHomeStage,600.000000,-6750.000000,-31800.000000,0.000000,0.000000,0.000000,1.000000,1.000000,1.000000,1.000000,0.000000,0.000000,600.000000,0.000000,1.000000,0.000000,-6750.000000,0.000000,0.000000,1.000000,-31800.000000,0;1;2;3;4;5;6;7;8;9;10;11;12;13;14,active,Loaded through SeaWorldHomeStage -> SeaWorldSphinxQuizZone.
SeaWorldUnderGlassZone,SeaWorldHomeStage,SeaWorldHomeStage,0.000000,650.000000,-20700.000000,0.000000,0.000000,0.000000,1.000000,1.000000,1.000000,1.000000,0.000000,0.000000,0.000000,0.000000,1.000000,0.000000,650.000000,0.000000,0.000000,1.000000,-20700.000000,0;1;2;3;4;5;6;7;8;9;10;11;12;13;14,active,Loaded through SeaWorldHomeStage -> SeaWorldUnderGlassZone.
SeaWorldUtsuboDenZone,SeaWorldHomeStage,SeaWorldHomeStage,17600.000000,-1750.000000,-33100.000000,0.000000,-45.000000,0.000000,1.000000,1.000000,1.000000,0.707107,0.000000,-0.707107,17600.000000,0.000000,1.000000,0.000000,-1750.000000,0.707107,0.000000,0.707107,-33100.000000,0;1;2;3;4;5;6;7;8;9;10;11;12;13;14,active,Loaded through SeaWorldHomeStage -> SeaWorldUtsuboDenZone.
SeaWorldWallCaveCenterZone,SeaWorldHomeStage,SeaWorldHomeStage,-6750.000000,1150.000000,100.000000,180.000000,0.000000,180.000000,1.000000,1.000000,1.000000,-1.000000,0.000000,0.000000,-6750.000000,0.000000,1.000000,0.000000,1150.000000,0.000000,0.000000,-1.000000,100.000000,0;1;2;3;4;5;6;7;8;9;10;11;12;13;14,active,Loaded through SeaWorldHomeStage -> SeaWorldWallCaveCenterZone.
SeaWorldWallCaveWestZone,SeaWorldHomeStage,SeaWorldHomeStage,-20400.000000,450.000000,-900.000000,180.000000,-45.000000,180.000000,1.000000,1.000000,1.000000,-0.707107,0.000000,-0.707107,-20400.000000,0.000000,1.000000,0.000000,450.000000,0.707107,0.000000,-0.707107,-900.000000,0;1;2;3;4;5;6;7;8;9;10;11;12;13;14,active,Loaded through SeaWorldHomeStage -> SeaWorldWallCaveWestZone.
SkyWorldCastleZone,SkyWorldHomeStage,SkyWorldHomeStage,21350.000000,28900.000000,-49150.000000,0.000000,-45.000000,0.000000,1.000000,1.000000,1.000000,0.707107,0.000000,-0.707107,21350.000000,0.000000,1.000000,0.000000,28900.000000,0.707107,0.000000,0.707107,-49150.000000,0;1;2;3;4;5;6;7;8;9;10;11;12;13;14,active,Loaded through SkyWorldHomeStage -> SkyWorldCastleZone.
SkyWorldWallZone,SkyWorldHomeStage,SkyWorldHomeStage,-90500.000000,7250.000000,9350.000000,0.000000,-30.000000,0.000000,1.000000,1.000000,1.000000,0.866025,0.000000,-0.500000,-90500.000000,0.000000,1.000000,0.000000,7250.000000,0.500000,0.000000,0.866025,9350.000000,0;1;2;3;4;5;6;7;8;9;10;11;12;13;14,active,Loaded through SkyWorldHomeStage -> SkyWorldWallZone.
SnowWorldBalconyZone,SnowWorldTownStage,SnowWorldTownStage,40750.000000,-5650.000000,41050.000000,0.000000,0.000000,0.000000,1.000000,1.000000,1.000000,1.000000,0.000000,0.000000,40750.000000,0.000000,1.000000,0.000000,-5650.000000,0.000000,0.000000,1.000000,41050.000000,0;1;2;3;4;5;6;7;8;9;10;11;12;13;14,active,Loaded through SnowWorldTownStage -> SnowWorldBalconyZone.
SnowWorldByugoZone,SnowWorldTownStage,SnowWorldTownStage,39150.000000,-24550.000000,-12050.000000,0.000000,90.000000,0.000000,1.000000,1.000000,1.000000,0.000000,0.000000,1.000000,39150.000000,0.000000,1.000000,0.000000,-24550.000000,-1.000000,0.000000,0.000000,-12050.000000,0;1;2;3;4;5;6;7;8;9;10;11;12;13;14,active,Loaded through SnowWorldTownStage -> SnowWorldByugoZone.
SnowWorldGabuzouZone,SnowWorldTownStage,SnowWorldTownStage,-37200.000000,-8250.000000,41400.000000,0.000000,90.000000,0.000000,1.000000,1.000000,1.000000,0.000000,0.000000,1.000000,-37200.000000,0.000000,1.000000,0.000000,-8250.000000,-1.000000,0.000000,0.000000,41400.000000,0;1;2;3;4;5;6;7;8;9;10;11;12;13;14,active,Loaded through SnowWorldTownStage -> SnowWorldGabuzouZone.
SnowWorldIcicleZone,SnowWorldTownStage,SnowWorldTownStage,-35050.000000,-2400.000000,-16150.000000,0.000000,90.000000,0.000000,1.000000,1.000000,1.000000,0.000000,0.000000,1.000000,-35050.000000,0.000000,1.000000,0.000000,-2400.000000,-1.000000,0.000000,0.000000,-16150.000000,0;1;2;3;4;5;6;7;8;9;10;11;12;13;14,active,Loaded through SnowWorldTownStage -> SnowWorldIcicleZone.
SnowWorldRaceExZone,SnowWorldLobbyExStage,SnowWorldLobbyExStage,-8950.000000,-3000.000000,-18900.000000,0.000000,-90.000000,0.000000,1.000000,1.000000,1.000000,0.000000,0.000000,-1.000000,-8950.000000,0.000000,1.000000,0.000000,-3000.000000,1.000000,0.000000,0.000000,-18900.000000,0;1;2;3;4;5;6;7;8;9;10;11;12;13;14,active,Loaded through SnowWorldLobbyExStage -> SnowWorldRaceExZone.
SnowWorldRaceFlagZone,SnowWorldLobby000Stage,SnowWorldLobby000Stage,-3500.000000,-3000.000000,2500.000000,0.000000,0.000000,0.000000,1.000000,1.000000,1.000000,1.000000,0.000000,0.000000,-3500.000000,0.000000,1.000000,0.000000,-3000.000000,0.000000,0.000000,1.000000,2500.000000,0;1;2;3;4;5;6;7;8;9;10;11;12;13;14,active,Loaded through SnowWorldLobby000Stage -> SnowWorldRaceFlagZone.
SnowWorldRaceGroundZone,SnowWorldLobby000Stage,SnowWorldLobby000Stage,0.000000,0.000000,0.000000,0.000000,0.000000,0.000000,1.000000,1.000000,1.000000,1.000000,0.000000,0.000000,0.000000,0.000000,1.000000,0.000000,0.000000,0.000000,0.000000,1.000000,0.000000,0;1;2;3;4;5;6;7;8;9;10;11;12;13;14,active,Loaded through SnowWorldLobby000Stage -> SnowWorldRaceGroundZone.
SnowWorldRaceObjectZone,SnowWorldLobby000Stage,SnowWorldLobby000Stage,-3500.000000,-3000.000000,2500.000000,0.000000,0.000000,0.000000,1.000000,1.000000,1.000000,1.000000,0.000000,0.000000,-3500.000000,0.000000,1.000000,0.000000,-3000.000000,0.000000,0.000000,1.000000,2500.000000,1;2;3;4;5,active,Loaded through SnowWorldLobby000Stage -> SnowWorldRaceObjectZone.
SnowWorldTownZone,SnowWorldTownStage,SnowWorldTownStage,-900.000000,-2400.000000,8800.000000,0.000000,90.000000,0.000000,1.000000,1.000000,1.000000,0.000000,0.000000,1.000000,-900.000000,0.000000,1.000000,0.000000,-2400.000000,-1.000000,0.000000,0.000000,8800.000000,0;1;2;3;4;5;6;7;8;9;10;11;12;13;14,active,Loaded through SnowWorldTownStage -> SnowWorldTownZone.
Special1WorldTowerRoomZone,Special1WorldTowerBombTailStage,Special1WorldTowerBombTailStage,0.000000,0.000000,200.000000,0.000000,0.000000,0.000000,1.000000,1.000000,1.000000,1.000000,0.000000,0.000000,0.000000,0.000000,1.000000,0.000000,0.000000,0.000000,0.000000,1.000000,200.000000,0;1;2;3;4;5;6;7;8;9;10;11;12;13;14,ambiguous_unused,Reused by multiple loading stages; ignored because it has no authored logic data.
Special1WorldTowerRoomZone,Special1WorldTowerCapThrowerStage,Special1WorldTowerCapThrowerStage,0.000000,0.000000,250.000000,0.000000,0.000000,0.000000,1.000000,1.000000,1.000000,1.000000,0.000000,0.000000,0.000000,0.000000,1.000000,0.000000,0.000000,0.000000,0.000000,1.000000,250.000000,0;1;2;3;4;5;6;7;8;9;10;11;12;13;14,ambiguous_unused,Reused by multiple loading stages; ignored because it has no authored logic data.
Special1WorldTowerRoomZone,Special1WorldTowerFireBlowerStage,Special1WorldTowerFireBlowerStage,0.000000,0.000000,250.000000,0.000000,0.000000,0.000000,1.000000,1.000000,1.000000,1.000000,0.000000,0.000000,0.000000,0.000000,1.000000,0.000000,0.000000,0.000000,0.000000,1.000000,250.000000,0;1;2;3;4;5;6;7;8;9;10;11;12;13;14,ambiguous_unused,Reused by multiple loading stages; ignored because it has no authored logic data.
Special1WorldTowerRoomZone,Special1WorldTowerStackerStage,Special1WorldTowerStackerStage,0.000000,0.000000,200.000000,0.000000,0.000000,0.000000,1.000000,1.000000,1.000000,1.000000,0.000000,0.000000,0.000000,0.000000,1.000000,0.000000,0.000000,0.000000,0.000000,1.000000,200.000000,0;1;2;3;4;5;6;7;8;9;10;11;12;13;14,ambiguous_unused,Reused by multiple loading stages; ignored because it has no authored logic data.
