node_id,kingdom,stage,stage_display_name,area_scope,node_type,source,entrance_id,side,obj_id,display_name,x,y,z,scenario_indices,notes,status
MeganeLiftExStage::stage_change::meganelift01::raw,Sand Kingdom,MeganeLiftExStage,The Invisible Maze,subarea,stage_change,StageData,meganelift01,raw,obj359,Stage Change meganelift01,-2000.000,200.000,1600.000,0;1;2;3;4;5;6;7;8;9;10;11;12;13;14,Raw UnitConfigName=DokanStageChange.,
MeganeLiftExStage::stage_change::meganelift02::raw,Sand Kingdom,MeganeLiftExStage,The Invisible Maze,subarea,stage_change,StageData,meganelift02,raw,obj360,Stage Change meganelift02,400.000,300.000,-18200.000,0;1;2;3;4;5;6;7;8;9;10;11;12;13;14,Raw UnitConfigName=DokanStageChange.,
MeganeLiftExStage::start,Sand Kingdom,MeganeLiftExStage,The Invisible Maze,subarea,stage_start,generated,,,,Default start,,,,,Rename or split if this stage has multiple meaningful starts.,
MeganeLiftExStage::entrance::meganelift01::sub_near,Sand Kingdom,MeganeLiftExStage,The Invisible Maze,subarea,substage_entrance,EntranceDB,meganelift01,sub_near,obj359,Substage near side: meganelift01,-2000.000,200.000,1600.000,0;1;2;3;4;5;6;7;8;9;10;11;12;13;14,Connected from SandWorldHomeStage. StageData anchor UnitConfigName=DokanStageChange.,
MeganeLiftExStage::entrance::meganelift02::sub_far,Sand Kingdom,MeganeLiftExStage,The Invisible Maze,subarea,substage_entrance,EntranceDB,meganelift02,sub_far,obj360,Substage far side: meganelift02,400.000,300.000,-18200.000,0;1;2;3;4;5;6;7;8;9;10;11;12;13;14,Connected from SandWorldHomeStage. StageData anchor UnitConfigName=DokanStageChange.,
RocketFlowerExStage::stage_change::rocket::raw,Sand Kingdom,RocketFlowerExStage,Colossal Ruins,subarea,stage_change,StageData,rocket,raw,obj62,Stage Change rocket,13900.000,-1000.000,2800.000,0;1;2;3;4;5;6;7;8;9;10;11;12;13;14,Raw UnitConfigName=DokanStageChange.,
RocketFlowerExStage::start,Sand Kingdom,RocketFlowerExStage,Colossal Ruins,subarea,stage_start,generated,,,,Default start,,,,,Rename or split if this stage has multiple meaningful starts.,
RocketFlowerExStage::entrance::rocket::sub_far,Sand Kingdom,RocketFlowerExStage,Colossal Ruins,subarea,substage_entrance,EntranceDB,rocket,sub_far,obj62,Substage far side: rocket,13900.000,-1000.000,2800.000,0;1;2;3;4;5;6;7;8;9;10;11;12;13;14,Connected from SandWorldHomeStage. StageData anchor UnitConfigName=DokanStageChange.,
RocketFlowerExStage::entrance::rocket::sub_near,Sand Kingdom,RocketFlowerExStage,Colossal Ruins,subarea,substage_entrance,EntranceDB,rocket,sub_near,obj62,Substage near side: rocket,13900.000,-1000.000,2800.000,0;1;2;3;4;5;6;7;8;9;10;11;12;13;14,Connected from SandWorldHomeStage. StageData anchor UnitConfigName=DokanStageChange.,
SandWorldCostumeStage::stage_change::abc::raw,Sand Kingdom,SandWorldCostumeStage,Costume Room,subarea,stage_change,StageData,abc,raw,obj11,Stage Change abc,0.000,-100.000,1200.000,0;1;2;3;4;5;6;7;8;9;10;11;12;13;14,Raw UnitConfigName=ChangeStageArea.,
SandWorldCostumeStage::start,Sand Kingdom,SandWorldCostumeStage,Costume Room,subarea,stage_start,generated,,,,Default start,,,,,Rename or split if this stage has multiple meaningful starts.,
SandWorldCostumeStage::entrance::abc::sub_far,Sand Kingdom,SandWorldCostumeStage,Costume Room,subarea,substage_entrance,EntranceDB,abc,sub_far,obj11,Substage far side: abc,0.000,-100.000,1200.000,0;1;2;3;4;5;6;7;8;9;10;11;12;13;14,Connected from SandWorldHomeStage. StageData anchor UnitConfigName=ChangeStageArea.,
SandWorldCostumeStage::entrance::abc::sub_near,Sand Kingdom,SandWorldCostumeStage,Costume Room,subarea,substage_entrance,EntranceDB,abc,sub_near,obj11,Substage near side: abc,0.000,-100.000,1200.000,0;1;2;3;4;5;6;7;8;9;10;11;12;13;14,Connected from SandWorldHomeStage. StageData anchor UnitConfigName=ChangeStageArea.,
SandWorldHomeStage::checkpoint::obj1511,Sand Kingdom,SandWorldHomeStage,Sand Kingdom,overworld,checkpoint,StageData,,,obj1511,Moe-Eye Habitat Checkpoint (obj1511),-8800.000,-1350.000,3300.000,0;1;2;3;4;7;8;9,Raw UnitConfigName=CheckpointFlag.,
SandWorldHomeStage::checkpoint::obj1595,Sand Kingdom,SandWorldHomeStage,Sand Kingdom,overworld,checkpoint,StageData,,,obj1595,Tostarena Northwest Reaches Checkpoint (obj1595),-30250.000,-1636.411,12100.002,0;1;2;3;4;7;8;9,Raw UnitConfigName=CheckpointFlag.,
SandWorldHomeStage::checkpoint::obj1597,Sand Kingdom,SandWorldHomeStage,Sand Kingdom,overworld,checkpoint,StageData,,,obj1597,Desert Oasis Checkpoint (obj1597),27741.602,-450.000,-31950.000,0;1;2;3;4;7;8;9,Raw UnitConfigName=CheckpointFlag.,
SandWorldHomeStage::checkpoint::obj525,Sand Kingdom,SandWorldHomeStage,Sand Kingdom,overworld,checkpoint,StageData,,,obj525,Tostarena Ruins Round Tower Checkpoint (obj525),-8500.000,4500.000,-15927.484,0;1;2;3;4;7;8;9,Raw UnitConfigName=CheckpointFlag.,
SandWorldHomeStage::checkpoint::obj530,Sand Kingdom,SandWorldHomeStage,Sand Kingdom,overworld,checkpoint,StageData,,,obj530,Jaxi Ruins Checkpoint (obj530),-2950.000,200.000,-32800.000,0;1;2;3;4;7;8;9,Raw UnitConfigName=CheckpointFlag.,
SandWorldHomeStage::checkpoint::obj5575,Sand Kingdom,SandWorldHomeStage,Sand Kingdom,overworld,checkpoint,StageData,,,obj5575,Southwestern Floating Island Checkpoint (obj5575),20700.000,5600.000,7150.000,0;1;2;3;4;7;8;9,Raw UnitConfigName=CheckpointFlag.,
SandWorldHomeStage::checkpoint::obj655,Sand Kingdom,SandWorldHomeStage,Sand Kingdom,overworld,checkpoint,StageData,,,obj655,Tostarena Town Checkpoint (obj655),24200.000,-2331.549,-12850.000,0;1;2;3;4;7;8;9,Raw UnitConfigName=CheckpointFlag.,
SandWorldHomeStage::checkpoint::obj98,Sand Kingdom,SandWorldHomeStage,Sand Kingdom,overworld,checkpoint,StageData,,,obj98,Tostarena Ruins Sand Pillar Checkpoint (obj98),-3500.000,100.000,-20200.000,0;1;2;3;4;7;8;9,Raw UnitConfigName=CheckpointFlag.,
SandWorldHomeStage::checkpoint::obj99,Sand Kingdom,SandWorldHomeStage,Sand Kingdom,overworld,checkpoint,StageData,,,obj99,Tostarena Ruins Entrance Checkpoint (obj99),4650.000,-1200.000,-13150.000,0;1;2;3;4;7;8;9,Raw UnitConfigName=CheckpointFlag.,
SandWorldHomeStage::entrance::EX_2DHosui::home_in,Sand Kingdom,SandWorldHomeStage,Sand Kingdom,overworld,home_entrance,EntranceDB,EX_2DHosui,home_in,obj4240,Home entrance: EX_2DHosui,-21899.996,72.858,-35750.000,4,Links to WaterTubeExStage. StageData anchor UnitConfigName=DokanStageChange.,
SandWorldHomeStage::entrance::EX_2DHosui_Exit::home_out,Sand Kingdom,SandWorldHomeStage,Sand Kingdom,overworld,home_entrance,EntranceDB,EX_2DHosui_Exit,home_out,obj4241,Home return: EX_2DHosui_Exit,-21900.000,82.871,-35200.000,4,Links to WaterTubeExStage. StageData anchor UnitConfigName=DokanStageChange.,
SandWorldHomeStage::entrance::aaa::home_in,Sand Kingdom,SandWorldHomeStage,Sand Kingdom,overworld,home_entrance,EntranceDB,aaa,home_in,obj2542,Home entrance: aaa,-2950.000,-2450.000,-29300.000,0;1;2;3;4;5;6;7;8;9;10;11;12;13;14,Links to SandWorldSphinxExStage. StageData anchor UnitConfigName=ChangeStageArea.,
SandWorldHomeStage::entrance::aaa::home_out,Sand Kingdom,SandWorldHomeStage,Sand Kingdom,overworld,home_entrance,EntranceDB,aaa,home_out,obj2542,Home return: aaa,-2950.000,-2450.000,-29300.000,0;1;2;3;4;5;6;7;8;9;10;11;12;13;14,Links to SandWorldSphinxExStage. StageData anchor UnitConfigName=ChangeStageArea.,
SandWorldHomeStage::entrance::abc::home_in,Sand Kingdom,SandWorldHomeStage,Sand Kingdom,overworld,home_entrance,EntranceDB,abc,home_in,obj3981,Home entrance: abc,17020.000,-1750.000,-9978.000,0;1;2;3;4;5;6;7;8;9;10;11;12;13;14,Links to SandWorldCostumeStage. StageData anchor UnitConfigName=DoorWarpStageChange.,
SandWorldHomeStage::entrance::abc::home_out,Sand Kingdom,SandWorldHomeStage,Sand Kingdom,overworld,home_entrance,EntranceDB,abc,home_out,obj3981,Home return: abc,17020.000,-1750.000,-9978.000,0;1;2;3;4;5;6;7;8;9;10;11;12;13;14,Links to SandWorldCostumeStage. StageData anchor UnitConfigName=DoorWarpStageChange.,
SandWorldHomeStage::entrance::anki2::home_in,Sand Kingdom,SandWorldHomeStage,Sand Kingdom,overworld,home_entrance,EntranceDB,anki2,home_in,obj1582,Home entrance: anki2,-16100.000,-1658.563,250.000,0;1;2;3;4;7;8;9,Links to SandWorldMeganeExStage. StageData anchor UnitConfigName=DokanStageChange.,
SandWorldHomeStage::entrance::anki2::home_out,Sand Kingdom,SandWorldHomeStage,Sand Kingdom,overworld,home_entrance,EntranceDB,anki2,home_out,obj1582,Home return: anki2,-16100.000,-1658.563,250.000,0;1;2;3;4;7;8;9,Links to SandWorldMeganeExStage. StageData anchor UnitConfigName=DokanStageChange.,
SandWorldHomeStage::entrance::arijigoku2::home_out,Sand Kingdom,SandWorldHomeStage,Sand Kingdom,overworld,home_entrance,EntranceDB,arijigoku2,home_out,obj2160,Home return: arijigoku2,-2600.000,200.000,-33050.000,0;1;2;3;4;7;8;9,Links to SandWorldPressExStage. StageData anchor UnitConfigName=DokanStageChange.,
SandWorldHomeStage::entrance::bar1::home_in,Sand Kingdom,SandWorldHomeStage,Sand Kingdom,overworld,home_entrance,EntranceDB,bar1,home_in,obj2555,Home entrance: bar1,23055.000,-2420.000,-11315.000,0;1;2;3;4;5;6;7;8;9;10;11;12;13;14,Links to SandWorldShopStage. StageData anchor UnitConfigName=DoorWarpStageChange.,
SandWorldHomeStage::entrance::bar1::home_out,Sand Kingdom,SandWorldHomeStage,Sand Kingdom,overworld,home_entrance,EntranceDB,bar1,home_out,obj2555,Home return: bar1,23055.000,-2420.000,-11315.000,0;1;2;3;4;5;6;7;8;9;10;11;12;13;14,Links to SandWorldShopStage. StageData anchor UnitConfigName=DoorWarpStageChange.,
SandWorldHomeStage::entrance::bar2::home_in,Sand Kingdom,SandWorldHomeStage,Sand Kingdom,overworld,home_entrance,EntranceDB,bar2,home_in,obj3657,Home entrance: bar2,21567.699,-2600.000,-10216.547,0;1;2;3;4;5;6;7;8;9;10;11;12;13;14,Links to SandWorldShopStage. StageData anchor UnitConfigName=ChangeStageArea.,
SandWorldHomeStage::entrance::bar2::home_out,Sand Kingdom,SandWorldHomeStage,Sand Kingdom,overworld,home_entrance,EntranceDB,bar2,home_out,obj3657,Home return: bar2,21567.699,-2600.000,-10216.547,0;1;2;3;4;5;6;7;8;9;10;11;12;13;14,Links to SandWorldShopStage. StageData anchor UnitConfigName=ChangeStageArea.,
SandWorldHomeStage::entrance::biru::home_in,Sand Kingdom,SandWorldHomeStage,Sand Kingdom,overworld,home_entrance,EntranceDB,biru,home_in,obj446,Home entrance: biru,18954.480,-350.000,-14175.773,0;1;2;3;4;7;8;9,Links to SandWorldRotateExStage. StageData anchor UnitConfigName=BazookaElectric.,
SandWorldHomeStage::entrance::birureturn::home_out,Sand Kingdom,SandWorldHomeStage,Sand Kingdom,overworld,home_entrance,EntranceDB,birureturn,home_out,obj39,Home return: birureturn,-5600.000,1000.000,50.000,0;1;2;3;4;5;6;7;8;9;10;11;12;13;14,Links to SandWorldRotateExStage.,
SandWorldHomeStage::entrance::doukutu1::home_in,Sand Kingdom,SandWorldHomeStage,Sand Kingdom,overworld,home_entrance,EntranceDB,doukutu1,home_in,obj510,Home entrance: doukutu1,-32375.000,-1550.000,11700.000,0;1;2;3;4;7;8;9,Links to SandWorldKillerExStage. StageData anchor UnitConfigName=ChangeStageArea.,
SandWorldHomeStage::entrance::doukutu2::home_out,Sand Kingdom,SandWorldHomeStage,Sand Kingdom,overworld,home_entrance,EntranceDB,doukutu2,home_out,obj3279,Home return: doukutu2,-32050.000,100.000,11550.000,0;1;2;3;4;5;6;7;8;9;10;11;12;13;14,Links to SandWorldKillerExStage. StageData anchor UnitConfigName=DokanStageChange.,
SandWorldHomeStage::entrance::hide::home_in,Sand Kingdom,SandWorldHomeStage,Sand Kingdom,overworld,home_entrance,EntranceDB,hide,home_in,obj3936,Home entrance: hide,-9700.000,-1850.000,-14400.000,0;1;2;3;4;7;8;9,Links to SandWorldSecretStage. StageData anchor UnitConfigName=ChangeStageArea.,
SandWorldHomeStage::entrance::hide::home_out,Sand Kingdom,SandWorldHomeStage,Sand Kingdom,overworld,home_entrance,EntranceDB,hide,home_out,obj3936,Home return: hide,-9700.000,-1850.000,-14400.000,0;1;2;3;4;7;8;9,Links to SandWorldSecretStage. StageData anchor UnitConfigName=ChangeStageArea.,
SandWorldHomeStage::entrance::meganelift01::home_in,Sand Kingdom,SandWorldHomeStage,Sand Kingdom,overworld,home_entrance,EntranceDB,meganelift01,home_in,obj3992,Home entrance: meganelift01,27250.000,-1678.228,-11050.000,4,Links to MeganeLiftExStage. StageData anchor UnitConfigName=DokanStageChange.,
SandWorldHomeStage::entrance::meganelift02::home_out,Sand Kingdom,SandWorldHomeStage,Sand Kingdom,overworld,home_entrance,EntranceDB,meganelift02,home_out,obj3993,Home return: meganelift02,28100.000,-2000.000,-11600.000,4,Links to MeganeLiftExStage. StageData anchor UnitConfigName=DokanStageChange.,
SandWorldHomeStage::entrance::rocket::home_in,Sand Kingdom,SandWorldHomeStage,Sand Kingdom,overworld,home_entrance,EntranceDB,rocket,home_in,obj4239,Home entrance: rocket,3200.000,-1020.428,-11900.000,4,Links to RocketFlowerExStage. StageData anchor UnitConfigName=DokanStageChange.,
SandWorldHomeStage::entrance::rocket::home_out,Sand Kingdom,SandWorldHomeStage,Sand Kingdom,overworld,home_entrance,EntranceDB,rocket,home_out,obj4239,Home return: rocket,3200.000,-1020.428,-11900.000,4,Links to RocketFlowerExStage. StageData anchor UnitConfigName=DokanStageChange.,
SandWorldHomeStage::entrance::run00::home_in,Sand Kingdom,SandWorldHomeStage,Sand Kingdom,overworld,home_entrance,EntranceDB,run00,home_in,obj2550,Home entrance: run00,-1065.000,-1700.000,-37365.000,0;1;2;3;4;7;8;9,Links to SandWorldSphinxExStage. StageData anchor UnitConfigName=DokanStageChange.,
SandWorldHomeStage::entrance::run00::home_out,Sand Kingdom,SandWorldHomeStage,Sand Kingdom,overworld,home_entrance,EntranceDB,run00,home_out,obj2550,Home return: run00,-1065.000,-1700.000,-37365.000,0;1;2;3;4;7;8;9,Links to SandWorldSphinxExStage. StageData anchor UnitConfigName=DokanStageChange.,
SandWorldHomeStage::entrance::shindo::home_in,Sand Kingdom,SandWorldHomeStage,Sand Kingdom,overworld,home_entrance,EntranceDB,shindo,home_in,obj6205,Home entrance: shindo,19150.000,-1240.000,-10600.000,0;1;2;3;4;5;6;7;8;9;10;11;12;13;14,Links to SandWorldVibrationStage. StageData anchor UnitConfigName=DokanStageChange.,
SandWorldHomeStage::entrance::shindo::home_out,Sand Kingdom,SandWorldHomeStage,Sand Kingdom,overworld,home_entrance,EntranceDB,shindo,home_out,obj6205,Home return: shindo,19150.000,-1240.000,-10600.000,0;1;2;3;4;5;6;7;8;9;10;11;12;13;14,Links to SandWorldVibrationStage. StageData anchor UnitConfigName=DokanStageChange.,
SandWorldHomeStage::entrance::town::home_in,Sand Kingdom,SandWorldHomeStage,Sand Kingdom,overworld,home_entrance,EntranceDB,town,home_in,obj2738,Home entrance: town,21005.000,-1925.000,-14095.000,0;1;2;3;4;5;6;7;8;9;10;11;12;13;14,Links to SandWorldSlotStage. StageData anchor UnitConfigName=DoorWarpStageChange.,
SandWorldHomeStage::entrance::town::home_out,Sand Kingdom,SandWorldHomeStage,Sand Kingdom,overworld,home_entrance,EntranceDB,town,home_out,obj2738,Home return: town,21005.000,-1925.000,-14095.000,0;1;2;3;4;5;6;7;8;9;10;11;12;13;14,Links to SandWorldSlotStage. StageData anchor UnitConfigName=DoorWarpStageChange.,
SandWorldHomeStage::entrance::wall::home_in,Sand Kingdom,SandWorldHomeStage,Sand Kingdom,overworld,home_entrance,EntranceDB,wall,home_in,obj3378,Home entrance: wall,-16600.000,-2900.000,250.000,0;1;2;3;4;7;8;9,Links to SandWorldMeganeExStage. StageData anchor UnitConfigName=ChangeStageArea.,
SandWorldHomeStage::entrance::wall::home_out,Sand Kingdom,SandWorldHomeStage,Sand Kingdom,overworld,home_entrance,EntranceDB,wall,home_out,obj3378,Home return: wall,-16600.000,-2900.000,250.000,0;1;2;3;4;7;8;9,Links to SandWorldMeganeExStage. StageData anchor UnitConfigName=ChangeStageArea.,
SandWorldHomeStage::stage_change::Come::raw,Sand Kingdom,SandWorldHomeStage,Sand Kingdom,overworld,stage_change,StageData,Come,raw,obj3386,Stage Change Come,21550.000,5600.000,7500.000,0;1;2;3;4;5;6;7;8;9;10;11;12;13;14,Raw UnitConfigName=WorldWarpHole.,
SandWorldHomeStage::stage_change::EX_2DHosui::raw,Sand Kingdom,SandWorldHomeStage,Sand Kingdom,overworld,stage_change,StageData,EX_2DHosui,raw,obj4240,Stage Change EX_2DHosui,-21899.996,72.858,-35750.000,4,Raw UnitConfigName=DokanStageChange.,
SandWorldHomeStage::stage_change::EX_2DHosui_Exit::raw,Sand Kingdom,SandWorldHomeStage,Sand Kingdom,overworld,stage_change,StageData,EX_2DHosui_Exit,raw,obj4241,Stage Change EX_2DHosui_Exit,-21900.000,82.871,-35200.000,4,Raw UnitConfigName=DokanStageChange.,
SandWorldHomeStage::stage_change::Go::raw,Sand Kingdom,SandWorldHomeStage,Sand Kingdom,overworld,stage_change,StageData,Go,raw,obj3464,Stage Change Go,-11459.723,-1300.000,-27883.129,0;1;2;3;4;5;6;7;8;9;10;11;12;13;14,Raw UnitConfigName=WorldWarpHole.,
SandWorldHomeStage::stage_change::Out::raw,Sand Kingdom,SandWorldHomeStage,Sand Kingdom,overworld,stage_change,StageData,Out,raw,obj3176,Stage Change Out,-26200.000,-2291.096,-11850.000,2;3;4,Raw UnitConfigName=DokanStageChange.,
SandWorldHomeStage::stage_change::SandWorldRacemanStart::raw,Sand Kingdom,SandWorldHomeStage,Sand Kingdom,overworld,stage_change,StageData,SandWorldRacemanStart,raw,obj6211,Stage Change SandWorldRacemanStart,-30950.000,-1486.973,10700.000,3;4,Raw UnitConfigName=PlayerStartObjNoLink.,
SandWorldHomeStage::stage_change::Under01::raw,Sand Kingdom,SandWorldHomeStage,Sand Kingdom,overworld,stage_change,StageData,Under01,raw,obj2949,Stage Change Under01,-18350.000,-542.289,-23400.000,1;2;3;4;9,Raw UnitConfigName=DokanStageChange.,
SandWorldHomeStage::stage_change::aaa::raw,Sand Kingdom,SandWorldHomeStage,Sand Kingdom,overworld,stage_change,StageData,aaa,raw,obj2542,Stage Change aaa,-2950.000,-2450.000,-29300.000,0;1;2;3;4;5;6;7;8;9;10;11;12;13;14,Raw UnitConfigName=ChangeStageArea.,
SandWorldHomeStage::stage_change::abc::raw,Sand Kingdom,SandWorldHomeStage,Sand Kingdom,overworld,stage_change,StageData,abc,raw,obj3981,Stage Change abc,17020.000,-1750.000,-9978.000,0;1;2;3;4;5;6;7;8;9;10;11;12;13;14,Raw UnitConfigName=DoorWarpStageChange.,
SandWorldHomeStage::stage_change::anki2::raw,Sand Kingdom,SandWorldHomeStage,Sand Kingdom,overworld,stage_change,StageData,anki2,raw,obj1582,Stage Change anki2,-16100.000,-1658.563,250.000,0;1;2;3;4;7;8;9,Raw UnitConfigName=DokanStageChange.,
SandWorldHomeStage::stage_change::arijigoku1::raw,Sand Kingdom,SandWorldHomeStage,Sand Kingdom,overworld,stage_change,StageData,arijigoku1,raw,obj3153,Stage Change arijigoku1,-5850.000,-900.000,-19350.000,0;1;2;3;4;7;8;9,Raw UnitConfigName=DokanStageChange.,
SandWorldHomeStage::stage_change::arijigoku2::raw,Sand Kingdom,SandWorldHomeStage,Sand Kingdom,overworld,stage_change,StageData,arijigoku2,raw,obj2160,Stage Change arijigoku2,-2600.000,200.000,-33050.000,0;1;2;3;4;7;8;9,Raw UnitConfigName=DokanStageChange.,
SandWorldHomeStage::stage_change::arijigoku::raw,Sand Kingdom,SandWorldHomeStage,Sand Kingdom,overworld,stage_change,StageData,arijigoku,raw,obj179,Stage Change arijigoku,-8850.000,-4900.000,-21250.000,0;1;2;3;4;5;6;7;8;9;10;11;12;13;14,Raw UnitConfigName=ChangeStageArea.,
SandWorldHomeStage::stage_change::bar1::raw,Sand Kingdom,SandWorldHomeStage,Sand Kingdom,overworld,stage_change,StageData,bar1,raw,obj2555,Stage Change bar1,23055.000,-2420.000,-11315.000,0;1;2;3;4;5;6;7;8;9;10;11;12;13;14,Raw UnitConfigName=DoorWarpStageChange.,
SandWorldHomeStage::stage_change::bar2::raw,Sand Kingdom,SandWorldHomeStage,Sand Kingdom,overworld,stage_change,StageData,bar2,raw,obj3657,Stage Change bar2,21567.699,-2600.000,-10216.547,0;1;2;3;4;5;6;7;8;9;10;11;12;13;14,Raw UnitConfigName=ChangeStageArea.,
SandWorldHomeStage::stage_change::biru::raw,Sand Kingdom,SandWorldHomeStage,Sand Kingdom,overworld,stage_change,StageData,biru,raw,obj446,Stage Change biru,18954.480,-350.000,-14175.773,0;1;2;3;4;7;8;9,Raw UnitConfigName=BazookaElectric.,
SandWorldHomeStage::stage_change::doukutu1::raw,Sand Kingdom,SandWorldHomeStage,Sand Kingdom,overworld,stage_change,StageData,doukutu1,raw,obj510,Stage Change doukutu1,-32375.000,-1550.000,11700.000,0;1;2;3;4;7;8;9,Raw UnitConfigName=ChangeStageArea.,
SandWorldHomeStage::stage_change::doukutu2::raw,Sand Kingdom,SandWorldHomeStage,Sand Kingdom,overworld,stage_change,StageData,doukutu2,raw,obj3279,Stage Change doukutu2,-32050.000,100.000,11550.000,0;1;2;3;4;5;6;7;8;9;10;11;12;13;14,Raw UnitConfigName=DokanStageChange.,
SandWorldHomeStage::stage_change::hide::raw,Sand Kingdom,SandWorldHomeStage,Sand Kingdom,overworld,stage_change,StageData,hide,raw,obj3936,Stage Change hide,-9700.000,-1850.000,-14400.000,0;1;2;3;4;7;8;9,Raw UnitConfigName=ChangeStageArea.,
SandWorldHomeStage::stage_change::icestart::raw,Sand Kingdom,SandWorldHomeStage,Sand Kingdom,overworld,stage_change,StageData,icestart,raw,obj2904,Stage Change icestart,-23450.000,-11250.000,-25200.000,1;2;3;4;5;6;9,Raw UnitConfigName=ChangeStageArea.,
SandWorldHomeStage::stage_change::meganelift01::raw,Sand Kingdom,SandWorldHomeStage,Sand Kingdom,overworld,stage_change,StageData,meganelift01,raw,obj3992,Stage Change meganelift01,27250.000,-1678.228,-11050.000,4,Raw UnitConfigName=DokanStageChange.,
SandWorldHomeStage::stage_change::meganelift02::raw,Sand Kingdom,SandWorldHomeStage,Sand Kingdom,overworld,stage_change,StageData,meganelift02,raw,obj3993,Stage Change meganelift02,28100.000,-2000.000,-11600.000,4,Raw UnitConfigName=DokanStageChange.,
SandWorldHomeStage::stage_change::pyramid01::raw,Sand Kingdom,SandWorldHomeStage,Sand Kingdom,overworld,stage_change,StageData,pyramid01,raw,obj2733,Stage Change pyramid01,-23500.000,-900.000,-26200.000,0;7;8,Raw UnitConfigName=ChangeStageArea.,
SandWorldHomeStage::stage_change::pyramid04::raw,Sand Kingdom,SandWorldHomeStage,Sand Kingdom,overworld,stage_change,StageData,pyramid04,raw,obj3408,Stage Change pyramid04,-23450.000,3900.000,-23200.000,0;7;8,Raw UnitConfigName=ChangeStageArea.,
SandWorldHomeStage::stage_change::rocket::raw,Sand Kingdom,SandWorldHomeStage,Sand Kingdom,overworld,stage_change,StageData,rocket,raw,obj4239,Stage Change rocket,3200.000,-1020.428,-11900.000,4,Raw UnitConfigName=DokanStageChange.,
SandWorldHomeStage::stage_change::run00::raw,Sand Kingdom,SandWorldHomeStage,Sand Kingdom,overworld,stage_change,StageData,run00,raw,obj2550,Stage Change run00,-1065.000,-1700.000,-37365.000,0;1;2;3;4;7;8;9,Raw UnitConfigName=DokanStageChange.,
SandWorldHomeStage::stage_change::shindo::raw,Sand Kingdom,SandWorldHomeStage,Sand Kingdom,overworld,stage_change,StageData,shindo,raw,obj6205,Stage Change shindo,19150.000,-1240.000,-10600.000,0;1;2;3;4;5;6;7;8;9;10;11;12;13;14,Raw UnitConfigName=DokanStageChange.,
SandWorldHomeStage::stage_change::start2::raw,Sand Kingdom,SandWorldHomeStage,Sand Kingdom,overworld,stage_change,StageData,start2,raw,obj2,Stage Change start2,32900.000,-1150.000,-12700.000,0;1;2;3;4;5;6;7;8;9;10;11;12;13;14,Raw UnitConfigName=PlayerActorHakoniwa.,
SandWorldHomeStage::stage_change::start::raw,Sand Kingdom,SandWorldHomeStage,Sand Kingdom,overworld,stage_change,StageData,start,raw,obj3172,Stage Change start,-26100.000,-9250.000,-12800.000,2;3;4;5;6,Raw UnitConfigName=ChangeStageArea.,
SandWorldHomeStage::stage_change::town::raw,Sand Kingdom,SandWorldHomeStage,Sand Kingdom,overworld,stage_change,StageData,town,raw,obj2738,Stage Change town,21005.000,-1925.000,-14095.000,0;1;2;3;4;5;6;7;8;9;10;11;12;13;14,Raw UnitConfigName=DoorWarpStageChange.,
SandWorldHomeStage::stage_change::wall::raw,Sand Kingdom,SandWorldHomeStage,Sand Kingdom,overworld,stage_change,StageData,wall,raw,obj3378,Stage Change wall,-16600.000,-2900.000,250.000,0;1;2;3;4;7;8;9,Raw UnitConfigName=ChangeStageArea.,
SandWorldHomeStage::start,Sand Kingdom,SandWorldHomeStage,Sand Kingdom,overworld,stage_start,generated,,,,Default start,,,,,Rename or split if this stage has multiple meaningful starts.,
SandWorldHomeStage::event::MoonRockActive_Sand,Sand Kingdom,SandWorldHomeStage,Sand Kingdom,overworld,state_event,StageData:progression_events,,,obj3428,Moon Rock,14000.000,-1057.148,-4099.999,4,Fill the route to the Moon Rock and any prerequisite story/global state. Location imported from StageData obj obj3428.,
SandWorldHomeStage::event::WorldPeace_Sand,Sand Kingdom,SandWorldHomeStage,Sand Kingdom,overworld,state_event,progression_events,,,,Sand Kingdom World Peace,,,,,Fill the story moons/bosses that must be completed for world peace in this kingdom.,
SandWorldKillerExStage::stage_change::doukutu1::raw,Sand Kingdom,SandWorldKillerExStage,Bullet Bill Maze,subarea,stage_change,StageData,doukutu1,raw,obj10,Stage Change doukutu1,3250.000,550.000,900.000,0;1;2;3;4;5;6;7;8;9;10;11;12;13;14,Raw UnitConfigName=ChangeStageArea.,
SandWorldKillerExStage::stage_change::doukutu2::raw,Sand Kingdom,SandWorldKillerExStage,Bullet Bill Maze,subarea,stage_change,StageData,doukutu2,raw,obj82,Stage Change doukutu2,1950.000,700.000,-18900.000,0;1;2;3;4;5;6;7;8;9;10;11;12;13;14,Raw UnitConfigName=DokanStageChange.,
SandWorldKillerExStage::start,Sand Kingdom,SandWorldKillerExStage,Bullet Bill Maze,subarea,stage_start,generated,,,,Default start,,,,,Rename or split if this stage has multiple meaningful starts.,
SandWorldKillerExStage::entrance::doukutu1::sub_near,Sand Kingdom,SandWorldKillerExStage,Bullet Bill Maze,subarea,substage_entrance,EntranceDB,doukutu1,sub_near,obj10,Substage near side: doukutu1,3250.000,550.000,900.000,0;1;2;3;4;5;6;7;8;9;10;11;12;13;14,Connected from SandWorldHomeStage. StageData anchor UnitConfigName=ChangeStageArea.,
SandWorldKillerExStage::entrance::doukutu2::sub_far,Sand Kingdom,SandWorldKillerExStage,Bullet Bill Maze,subarea,substage_entrance,EntranceDB,doukutu2,sub_far,obj82,Substage far side: doukutu2,1950.000,700.000,-18900.000,0;1;2;3;4;5;6;7;8;9;10;11;12;13;14,Connected from SandWorldHomeStage. StageData anchor UnitConfigName=DokanStageChange.,
SandWorldKillerTowerZone::start,Sand Kingdom,SandWorldHomeStage,Sand Kingdom,overworld,custom_place,embedded_zone,,,,SandWorldKillerTowerZone,-6200.000,1900.000,-16550.000,0;1;2;3;4;5;6;7;8;9;10;11;12;13;14,Embedded map landmark from SandWorldKillerTowerZone.,
SandWorldMeganeExStage::stage_change::anki2::raw,Sand Kingdom,SandWorldMeganeExStage,Transparent Lifts,subarea,stage_change,StageData,anki2,raw,obj201,Stage Change anki2,-6850.000,250.000,1900.000,0;1;2;3;4;5;6;7;8;9;10;11;12;13;14,Raw UnitConfigName=DokanStageChange.,
SandWorldMeganeExStage::stage_change::megane::raw,Sand Kingdom,SandWorldMeganeExStage,Transparent Lifts,subarea,stage_change,StageData,megane,raw,obj2,Stage Change megane,450.000,50.000,2100.000,0;1;2;3;4;5;6;7;8;9;10;11;12;13;14,Raw UnitConfigName=PlayerActorHakoniwa.,
SandWorldMeganeExStage::stage_change::wall::raw,Sand Kingdom,SandWorldMeganeExStage,Transparent Lifts,subarea,stage_change,StageData,wall,raw,obj209,Stage Change wall,1500.000,0.000,2100.000,0;1;2;3;4;5;6;7;8;9;10;11;12;13;14,Raw UnitConfigName=ChangeStageArea.,
SandWorldMeganeExStage::start,Sand Kingdom,SandWorldMeganeExStage,Transparent Lifts,subarea,stage_start,generated,,,,Default start,,,,,Rename or split if this stage has multiple meaningful starts.,
SandWorldMeganeExStage::entrance::anki2::sub_far,Sand Kingdom,SandWorldMeganeExStage,Transparent Lifts,subarea,substage_entrance,EntranceDB,anki2,sub_far,obj201,Substage far side: anki2,-6850.000,250.000,1900.000,0;1;2;3;4;5;6;7;8;9;10;11;12;13;14,Connected from SandWorldHomeStage. StageData anchor UnitConfigName=DokanStageChange.,
SandWorldMeganeExStage::entrance::anki2::sub_near,Sand Kingdom,SandWorldMeganeExStage,Transparent Lifts,subarea,substage_entrance,EntranceDB,anki2,sub_near,obj201,Substage near side: anki2,-6850.000,250.000,1900.000,0;1;2;3;4;5;6;7;8;9;10;11;12;13;14,Connected from SandWorldHomeStage. StageData anchor UnitConfigName=DokanStageChange.,
SandWorldMeganeExStage::entrance::wall::sub_far,Sand Kingdom,SandWorldMeganeExStage,Transparent Lifts,subarea,substage_entrance,EntranceDB,wall,sub_far,obj209,Substage far side: wall,1500.000,0.000,2100.000,0;1;2;3;4;5;6;7;8;9;10;11;12;13;14,Connected from SandWorldHomeStage. StageData anchor UnitConfigName=ChangeStageArea.,
SandWorldMeganeExStage::entrance::wall::sub_near,Sand Kingdom,SandWorldMeganeExStage,Transparent Lifts,subarea,substage_entrance,EntranceDB,wall,sub_near,obj209,Substage near side: wall,1500.000,0.000,2100.000,0;1;2;3;4;5;6;7;8;9;10;11;12;13;14,Connected from SandWorldHomeStage. StageData anchor UnitConfigName=ChangeStageArea.,
SandWorldPressExStage::stage_change::arijigoku1::raw,Sand Kingdom,SandWorldPressExStage,Ice Cave,subarea,stage_change,StageData,arijigoku1,raw,obj149,Stage Change arijigoku1,-5200.000,-600.000,150.000,0;1;2;3;4;5;6;7;8;9;10;11;12;13;14,Raw UnitConfigName=DokanStageChange.,
SandWorldPressExStage::stage_change::arijigoku2::raw,Sand Kingdom,SandWorldPressExStage,Ice Cave,subarea,stage_change,StageData,arijigoku2,raw,obj91,Stage Change arijigoku2,-5334.039,1400.000,-12226.695,0;1;2;3;4;5;6;7;8;9;10;11;12;13;14,Raw UnitConfigName=DokanStageChange.,
SandWorldPressExStage::stage_change::arijigoku::raw,Sand Kingdom,SandWorldPressExStage,Ice Cave,subarea,stage_change,StageData,arijigoku,raw,obj189,Stage Change arijigoku,-5250.000,3512.245,-700.000,0;1;2;3;4;5;6;7;8;9;10;11;12;13;14,Raw UnitConfigName=PlayerStartObjNoLink.,
SandWorldPressExStage::start,Sand Kingdom,SandWorldPressExStage,Ice Cave,subarea,stage_start,generated,,,,Default start,,,,,Rename or split if this stage has multiple meaningful starts.,
SandWorldPressExStage::entrance::arijigoku2::sub_far,Sand Kingdom,SandWorldPressExStage,Ice Cave,subarea,substage_entrance,EntranceDB,arijigoku2,sub_far,obj91,Substage far side: arijigoku2,-5334.039,1400.000,-12226.695,0;1;2;3;4;5;6;7;8;9;10;11;12;13;14,Connected from SandWorldHomeStage. StageData anchor UnitConfigName=DokanStageChange.,
SandWorldPressExStage::entrance::arijigoku::sub_near,Sand Kingdom,SandWorldPressExStage,Ice Cave,subarea,substage_entrance,EntranceDB,arijigoku,sub_near,obj189,Substage near side: arijigoku,-5250.000,3512.245,-700.000,0;1;2;3;4;5;6;7;8;9;10;11;12;13;14,Connected from SandWorldHomeStage. StageData anchor UnitConfigName=PlayerStartObjNoLink.,
SandWorldPyramid000Stage::stage_change::pyramid01::raw,Sand Kingdom,SandWorldPyramid000Stage,Inverted Pyramid: Lower Interior,subarea,stage_change,StageData,pyramid01,raw,obj26,Stage Change pyramid01,-1750.000,-1700.000,1950.000,0;1;2;3;4;5;6;7;8;9;10;11;12;13;14,Raw UnitConfigName=ChangeStageArea.,
SandWorldPyramid000Stage::stage_change::pyramid02::raw,Sand Kingdom,SandWorldPyramid000Stage,Inverted Pyramid: Lower Interior,subarea,stage_change,StageData,pyramid02,raw,obj76,Stage Change pyramid02,7000.000,2900.000,-4600.000,0;1;2;3;4;5;6;7;8;9;10;11;12;13;14,Raw UnitConfigName=DokanStageChange2D.,
SandWorldPyramid000Stage::start,Sand Kingdom,SandWorldPyramid000Stage,Inverted Pyramid: Lower Interior,subarea,stage_start,generated,,,,Default start,,,,,Rename or split if this stage has multiple meaningful starts.,
SandWorldPyramid001Stage::stage_change::pyramid03::raw,Sand Kingdom,SandWorldPyramid001Stage,Inverted Pyramid: Upper Interior,subarea,stage_change,StageData,pyramid03,raw,obj112,Stage Change pyramid03,-850.000,1350.000,-19850.000,0;1;2;3;4;5;6;7;8;9;10;11;12;13;14,Raw UnitConfigName=DokanStageChange2D.,
SandWorldPyramid001Stage::stage_change::pyramid04::raw,Sand Kingdom,SandWorldPyramid001Stage,Inverted Pyramid: Upper Interior,subarea,stage_change,StageData,pyramid04,raw,obj257,Stage Change pyramid04,9050.000,3900.000,-15850.000,0;1;2;3;4;5;6;7;8;9;10;11;12;13;14,Raw UnitConfigName=ChangeStageArea.,
SandWorldPyramid001Stage::start,Sand Kingdom,SandWorldPyramid001Stage,Inverted Pyramid: Upper Interior,subarea,stage_start,generated,,,,Default start,,,,,Rename or split if this stage has multiple meaningful starts.,
SandWorldRotateExStage::stage_change::aa::raw,Sand Kingdom,SandWorldRotateExStage,Strange Neighborhood,subarea,stage_change,StageData,aa,raw,obj2,Stage Change aa,3100.000,1000.000,-450.000,0;1;2;3;4;5;6;7;8;9;10;11;12;13;14,Raw UnitConfigName=PlayerActorHakoniwa.,
SandWorldRotateExStage::stage_change::biru::raw,Sand Kingdom,SandWorldRotateExStage,Strange Neighborhood,subarea,stage_change,StageData,biru,raw,obj111,Stage Change biru,3100.000,1000.000,0.000,0;1;2;3;4;5;6;7;8;9;10;11;12;13;14,Raw UnitConfigName=BazookaElectric.,
SandWorldRotateExStage::stage_change::birureturn::raw,Sand Kingdom,SandWorldRotateExStage,Strange Neighborhood,subarea,stage_change,StageData,birureturn,raw,obj39,Stage Change birureturn,-5600.000,1000.000,50.000,0;1;2;3;4;5;6;7;8;9;10;11;12;13;14,Raw UnitConfigName=BazookaElectric.,
SandWorldRotateExStage::start,Sand Kingdom,SandWorldRotateExStage,Strange Neighborhood,subarea,stage_start,generated,,,,Default start,,,,,Rename or split if this stage has multiple meaningful starts.,
SandWorldRotateExStage::entrance::biru::sub_near,Sand Kingdom,SandWorldRotateExStage,Strange Neighborhood,subarea,substage_entrance,EntranceDB,biru,sub_near,obj111,Substage near side: biru,3100.000,1000.000,0.000,0;1;2;3;4;5;6;7;8;9;10;11;12;13;14,Connected from SandWorldHomeStage. StageData anchor UnitConfigName=BazookaElectric.,
SandWorldRotateExStage::entrance::birureturn::sub_far,Sand Kingdom,SandWorldRotateExStage,Strange Neighborhood,subarea,substage_entrance,EntranceDB,birureturn,sub_far,obj39,Substage far side: birureturn,-5600.000,1000.000,50.000,0;1;2;3;4;5;6;7;8;9;10;11;12;13;14,Connected from SandWorldHomeStage. StageData anchor UnitConfigName=BazookaElectric.,
SandWorldSecretStage::stage_change::hide::raw,Sand Kingdom,SandWorldSecretStage,Sphynx Treasure Vault,subarea,stage_change,StageData,hide,raw,obj93,Stage Change hide,0.000,-100.000,650.000,0;1;2;3;4;5;6;7;8;9;10;11;12;13;14,Raw UnitConfigName=ChangeStageArea.,
SandWorldSecretStage::start,Sand Kingdom,SandWorldSecretStage,Sphynx Treasure Vault,subarea,stage_start,generated,,,,Default start,,,,,Rename or split if this stage has multiple meaningful starts.,
SandWorldSecretStage::entrance::hide::sub_far,Sand Kingdom,SandWorldSecretStage,Sphynx Treasure Vault,subarea,substage_entrance,EntranceDB,hide,sub_far,obj93,Substage far side: hide,0.000,-100.000,650.000,0;1;2;3;4;5;6;7;8;9;10;11;12;13;14,Connected from SandWorldHomeStage. StageData anchor UnitConfigName=ChangeStageArea.,
SandWorldSecretStage::entrance::hide::sub_near,Sand Kingdom,SandWorldSecretStage,Sphynx Treasure Vault,subarea,substage_entrance,EntranceDB,hide,sub_near,obj93,Substage near side: hide,0.000,-100.000,650.000,0;1;2;3;4;5;6;7;8;9;10;11;12;13;14,Connected from SandWorldHomeStage. StageData anchor UnitConfigName=ChangeStageArea.,
SandWorldShopStage::stage_change::bar1::raw,Sand Kingdom,SandWorldShopStage,Crazy Cap Store,subarea,stage_change,StageData,bar1,raw,obj6,Stage Change bar1,0.000,-100.000,-50.000,0;1;2;3;4;5;6;7;8;9;10;11;12;13;14,Raw UnitConfigName=ChangeStageArea.,
SandWorldShopStage::stage_change::bar2::raw,Sand Kingdom,SandWorldShopStage,Crazy Cap Store,subarea,stage_change,StageData,bar2,raw,obj50,Stage Change bar2,-497.000,0.000,-1350.000,0;1;2;3;4;5;6;7;8;9;10;11;12;13;14,Raw UnitConfigName=DoorWarpStageChange.,
SandWorldShopStage::start,Sand Kingdom,SandWorldShopStage,Crazy Cap Store,subarea,stage_start,generated,,,,Default start,,,,,Rename or split if this stage has multiple meaningful starts.,
SandWorldShopStage::entrance::bar1::sub_far,Sand Kingdom,SandWorldShopStage,Crazy Cap Store,subarea,substage_entrance,EntranceDB,bar1,sub_far,obj6,Substage far side: bar1,0.000,-100.000,-50.000,0;1;2;3;4;5;6;7;8;9;10;11;12;13;14,Connected from SandWorldHomeStage. StageData anchor UnitConfigName=ChangeStageArea.,
SandWorldShopStage::entrance::bar1::sub_near,Sand Kingdom,SandWorldShopStage,Crazy Cap Store,subarea,substage_entrance,EntranceDB,bar1,sub_near,obj6,Substage near side: bar1,0.000,-100.000,-50.000,0;1;2;3;4;5;6;7;8;9;10;11;12;13;14,Connected from SandWorldHomeStage. StageData anchor UnitConfigName=ChangeStageArea.,
SandWorldShopStage::entrance::bar2::sub_far,Sand Kingdom,SandWorldShopStage,Crazy Cap Store,subarea,substage_entrance,EntranceDB,bar2,sub_far,obj50,Substage far side: bar2,-497.000,0.000,-1350.000,0;1;2;3;4;5;6;7;8;9;10;11;12;13;14,Connected from SandWorldHomeStage. StageData anchor UnitConfigName=DoorWarpStageChange.,
SandWorldShopStage::entrance::bar2::sub_near,Sand Kingdom,SandWorldShopStage,Crazy Cap Store,subarea,substage_entrance,EntranceDB,bar2,sub_near,obj50,Substage near side: bar2,-497.000,0.000,-1350.000,0;1;2;3;4;5;6;7;8;9;10;11;12;13;14,Connected from SandWorldHomeStage. StageData anchor UnitConfigName=DoorWarpStageChange.,
SandWorldSlotStage::stage_change::town::raw,Sand Kingdom,SandWorldSlotStage,Tostarena Slots,subarea,stage_change,StageData,town,raw,obj20,Stage Change town,0.000,-150.000,950.000,0;1;2;3;4;5;6;7;8;9;10;11;12;13;14,Raw UnitConfigName=ChangeStageArea.,
SandWorldSlotStage::start,Sand Kingdom,SandWorldSlotStage,Tostarena Slots,subarea,stage_start,generated,,,,Default start,,,,,Rename or split if this stage has multiple meaningful starts.,
SandWorldSlotStage::entrance::town::sub_far,Sand Kingdom,SandWorldSlotStage,Tostarena Slots,subarea,substage_entrance,EntranceDB,town,sub_far,obj20,Substage far side: town,0.000,-150.000,950.000,0;1;2;3;4;5;6;7;8;9;10;11;12;13;14,Connected from SandWorldHomeStage. StageData anchor UnitConfigName=ChangeStageArea.,
SandWorldSlotStage::entrance::town::sub_near,Sand Kingdom,SandWorldSlotStage,Tostarena Slots,subarea,substage_entrance,EntranceDB,town,sub_near,obj20,Substage near side: town,0.000,-150.000,950.000,0;1;2;3;4;5;6;7;8;9;10;11;12;13;14,Connected from SandWorldHomeStage. StageData anchor UnitConfigName=ChangeStageArea.,
SandWorldSphinxExStage::stage_change::aaa::raw,Sand Kingdom,SandWorldSphinxExStage,Jaxi Driving,subarea,stage_change,StageData,aaa,raw,obj1639,Stage Change aaa,28400.000,3900.000,10750.000,0;1;2;3;4;5;6;7;8;9;10;11;12;13;14,Raw UnitConfigName=PlayerStartObjNoLink.,
SandWorldSphinxExStage::stage_change::run00::raw,Sand Kingdom,SandWorldSphinxExStage,Jaxi Driving,subarea,stage_change,StageData,run00,raw,obj379,Stage Change run00,29400.000,-110.000,10249.998,0;1;2;3;4;5;6;7;8;9;10;11;12;13;14,Raw UnitConfigName=DokanStageChange.,
SandWorldSphinxExStage::stage_change::run00return::raw,Sand Kingdom,SandWorldSphinxExStage,Jaxi Driving,subarea,stage_change,StageData,run00return,raw,obj382,Stage Change run00return,14900.000,1040.000,-43250.000,0;1;2;3;4;5;6;7;8;9;10;11;12;13;14,Raw UnitConfigName=DokanStageChange.,
SandWorldSphinxExStage::start,Sand Kingdom,SandWorldSphinxExStage,Jaxi Driving,subarea,stage_start,generated,,,,Default start,,,,,Rename or split if this stage has multiple meaningful starts.,
SandWorldSphinxExStage::entrance::aaa::sub_far,Sand Kingdom,SandWorldSphinxExStage,Jaxi Driving,subarea,substage_entrance,EntranceDB,aaa,sub_far,obj1639,Substage far side: aaa,28400.000,3900.000,10750.000,0;1;2;3;4;5;6;7;8;9;10;11;12;13;14,Connected from SandWorldHomeStage. StageData anchor UnitConfigName=PlayerStartObjNoLink.,
SandWorldSphinxExStage::entrance::aaa::sub_near,Sand Kingdom,SandWorldSphinxExStage,Jaxi Driving,subarea,substage_entrance,EntranceDB,aaa,sub_near,obj1639,Substage near side: aaa,28400.000,3900.000,10750.000,0;1;2;3;4;5;6;7;8;9;10;11;12;13;14,Connected from SandWorldHomeStage. StageData anchor UnitConfigName=PlayerStartObjNoLink.,
SandWorldSphinxExStage::entrance::run00::sub_near,Sand Kingdom,SandWorldSphinxExStage,Jaxi Driving,subarea,substage_entrance,EntranceDB,run00,sub_near,obj379,Substage near side: run00,29400.000,-110.000,10249.998,0;1;2;3;4;5;6;7;8;9;10;11;12;13;14,Connected from SandWorldHomeStage. StageData anchor UnitConfigName=DokanStageChange.,
SandWorldSphinxExStage::entrance::run00return::sub_far,Sand Kingdom,SandWorldSphinxExStage,Jaxi Driving,subarea,substage_entrance,EntranceDB,run00return,sub_far,obj382,Substage far side: run00return,14900.000,1040.000,-43250.000,0;1;2;3;4;5;6;7;8;9;10;11;12;13;14,Connected from SandWorldHomeStage. StageData anchor UnitConfigName=DokanStageChange.,
SandWorldUnderground000Stage::stage_change::Under01::raw,Sand Kingdom,SandWorldUnderground000Stage,Underground Ruins,subarea,stage_change,StageData,Under01,raw,obj229,Stage Change Under01,2324.750,800.000,-1300.000,0;1;2;3;4;5;6;7;8;9;10;11;12;13;14,Raw UnitConfigName=DokanStageChange.,
SandWorldUnderground000Stage::stage_change::Yadokari00::raw,Sand Kingdom,SandWorldUnderground000Stage,Underground Ruins,subarea,stage_change,StageData,Yadokari00,raw,obj360,Stage Change Yadokari00,35500.000,-1250.000,-10900.000,0;1;2;3;4;5;6;7;8;9;10;11;12;13;14,Raw UnitConfigName=ChangeStageArea.,
SandWorldUnderground000Stage::stage_change::icestart::raw,Sand Kingdom,SandWorldUnderground000Stage,Underground Ruins,subarea,stage_change,StageData,icestart,raw,obj2,Stage Change icestart,1950.000,4800.000,-1650.000,0;1;2;3;4;5;6;7;8;9;10;11;12;13;14,Raw UnitConfigName=PlayerActorHakoniwa.,
SandWorldUnderground000Stage::start,Sand Kingdom,SandWorldUnderground000Stage,Underground Ruins,subarea,stage_start,generated,,,,Default start,,,,,Rename or split if this stage has multiple meaningful starts.,
SandWorldUnderground001Stage::stage_change::Out::raw,Sand Kingdom,SandWorldUnderground001Stage,Deepest Underground,subarea,stage_change,StageData,Out,raw,obj143,Stage Change Out,0.000,0.000,-3950.000,2;3;4;5;6,Raw UnitConfigName=DokanStageChange.,
SandWorldUnderground001Stage::stage_change::Yadokari00::raw,Sand Kingdom,SandWorldUnderground001Stage,Deepest Underground,subarea,stage_change,StageData,Yadokari00,raw,obj149,Stage Change Yadokari00,0.000,2000.000,24250.000,0;1;2;3;4;5;6;7;8;9;10;11;12;13;14,Raw UnitConfigName=ChangeStageArea.,
SandWorldUnderground001Stage::stage_change::start::raw,Sand Kingdom,SandWorldUnderground001Stage,Deepest Underground,subarea,stage_change,StageData,start,raw,obj246,Stage Change start,0.000,0.000,-700.000,2;3;4;5;6,Raw UnitConfigName=PlayerActorHakoniwa.,
SandWorldUnderground001Stage::start,Sand Kingdom,SandWorldUnderground001Stage,Deepest Underground,subarea,stage_start,generated,,,,Default start,,,,,Rename or split if this stage has multiple meaningful starts.,
SandWorldVibrationStage::stage_change::shindo::raw,Sand Kingdom,SandWorldVibrationStage,Rumbling Floor House,subarea,stage_change,StageData,shindo,raw,obj17,Stage Change shindo,-800.000,100.000,0.000,0;1;2;3;4;5;6;7;8;9;10;11;12;13;14,Raw UnitConfigName=DokanStageChange.,
SandWorldVibrationStage::start,Sand Kingdom,SandWorldVibrationStage,Rumbling Floor House,subarea,stage_start,generated,,,,Default start,,,,,Rename or split if this stage has multiple meaningful starts.,
SandWorldVibrationStage::entrance::shindo::sub_far,Sand Kingdom,SandWorldVibrationStage,Rumbling Floor House,subarea,substage_entrance,EntranceDB,shindo,sub_far,obj17,Substage far side: shindo,-800.000,100.000,0.000,0;1;2;3;4;5;6;7;8;9;10;11;12;13;14,Connected from SandWorldHomeStage. StageData anchor UnitConfigName=DokanStageChange.,
SandWorldVibrationStage::entrance::shindo::sub_near,Sand Kingdom,SandWorldVibrationStage,Rumbling Floor House,subarea,substage_entrance,EntranceDB,shindo,sub_near,obj17,Substage near side: shindo,-800.000,100.000,0.000,0;1;2;3;4;5;6;7;8;9;10;11;12;13;14,Connected from SandWorldHomeStage. StageData anchor UnitConfigName=DokanStageChange.,
WaterTubeExStage::stage_change::EX_2DHosui::raw,Sand Kingdom,WaterTubeExStage,Freezing Waterway,subarea,stage_change,StageData,EX_2DHosui,raw,obj4067,Stage Change EX_2DHosui,-100.000,-500.000,3100.000,0;1;2;3;4;5;6;7;8;9;10;11;12;13;14,Raw UnitConfigName=DokanStageChange.,
WaterTubeExStage::stage_change::EX_2DHosui_Exit::raw,Sand Kingdom,WaterTubeExStage,Freezing Waterway,subarea,stage_change,StageData,EX_2DHosui_Exit,raw,obj4068,Stage Change EX_2DHosui_Exit,-100.000,4700.000,-18300.000,0;1;2;3;4;5;6;7;8;9;10;11;12;13;14,Raw UnitConfigName=DokanStageChange.,
WaterTubeExStage::start,Sand Kingdom,WaterTubeExStage,Freezing Waterway,subarea,stage_start,generated,,,,Default start,,,,,Rename or split if this stage has multiple meaningful starts.,
WaterTubeExStage::entrance::EX_2DHosui::sub_near,Sand Kingdom,WaterTubeExStage,Freezing Waterway,subarea,substage_entrance,EntranceDB,EX_2DHosui,sub_near,obj4067,Substage near side: EX_2DHosui,-100.000,-500.000,3100.000,0;1;2;3;4;5;6;7;8;9;10;11;12;13;14,Connected from SandWorldHomeStage. StageData anchor UnitConfigName=DokanStageChange.,
WaterTubeExStage::entrance::EX_2DHosui_Exit::sub_far,Sand Kingdom,WaterTubeExStage,Freezing Waterway,subarea,substage_entrance,EntranceDB,EX_2DHosui_Exit,sub_far,obj4068,Substage far side: EX_2DHosui_Exit,-100.000,4700.000,-18300.000,0;1;2;3;4;5;6;7;8;9;10;11;12;13;14,Connected from SandWorldHomeStage. StageData anchor UnitConfigName=DokanStageChange.,
SandWorldRotateExStage::place::new_place,Sand Kingdom,SandWorldRotateExStage,Strange Neighborhood,subarea,custom_place,editor,,,,Free Space,,,,,Human-authored logic place.,
SandWorldHomeStage::place::new_place_2,Sand Kingdom,SandWorldHomeStage,Sand Kingdom,overworld,custom_place,editor,,,,Top of the Pyramid,,,,,Human-authored logic place.,
SandWorldHomeStage::place::new_place_3,Sand Kingdom,SandWorldHomeStage,Sand Kingdom,overworld,custom_place,editor,,,,On the Lone Pillar Free,,,,,Human-authored logic place.,
SandWorldHomeStage::place::new_place_4,Sand Kingdom,SandWorldHomeStage,Sand Kingdom,overworld,custom_place,editor,,,,On the North Pillar Free,,,,,Human-authored logic place.,
SandWorldHomeStage::place::new_place,Sand Kingdom,SandWorldHomeStage,Sand Kingdom,overworld,custom_place,editor,,,,Poster Cleanup Free,,,,,Human-authored logic place.,
SandWorldHomeStage::place::new_place_5,Sand Kingdom,SandWorldHomeStage,Sand Kingdom,overworld,custom_place,editor,,,,Timer Challenge 1 Free,,,,,Human-authored logic place.,
SandWorldHomeStage::entrance::run00return::home_in,Sand Kingdom,SandWorldHomeStage,Sand Kingdom,overworld,home_entrance,EntranceDB,run00return,home_in,obj382,Home entrance: run00return,14900.000,1040.000,-43250.000,0;1;2;3;4;5;6;7;8;9;10;11;12;13;14,Links to SandWorldSphinxExStage. EXIT_ONLY in home (no ChangeStageArea at this spot); used as rando entry point for far-end pair.,
SandWorldSphinxExStage::entrance::run00::sub_far,Sand Kingdom,SandWorldSphinxExStage,Jaxi Driving,subarea,substage_entrance,EntranceDB,run00,sub_far,obj379,Substage far side: run00,29400.000,-110.000,10249.998,0;1;2;3;4;5;6;7;8;9;10;11;12;13;14,Connected from SandWorldHomeStage. DokanStageChange start pipe — exit side of the aaa entry pair.,
SandWorldSphinxExStage::entrance::run00return::sub_near,Sand Kingdom,SandWorldSphinxExStage,Jaxi Driving,subarea,substage_entrance,EntranceDB,run00return,sub_near,obj382,Substage near side: run00return,14900.000,1040.000,-43250.000,0;1;2;3;4;5;6;7;8;9;10;11;12;13;14,Connected from SandWorldHomeStage. Spawn point at far-end pipe (enter from rando far side).,
SandWorldHomeStage::entrance::arijigoku::home_in,Sand Kingdom,SandWorldHomeStage,Sand Kingdom,overworld,home_entrance,EntranceDB,arijigoku,home_in,obj179,Home entrance: arijigoku,-8850.000,-4900.000,-21250.000,0;1;2;3;4;5;6;7;8;9;10;11;12;13;14,Links to SandWorldPressExStage. StageData anchor UnitConfigName=ChangeStageArea.,
SandWorldHomeStage::entrance::arijigoku1::home_out,Sand Kingdom,SandWorldHomeStage,Sand Kingdom,overworld,home_entrance,EntranceDB,arijigoku1,home_out,obj3153,Home return: arijigoku1,-5850.000,-900.000,-19350.000,0;1;2;3;4;7;8;9,Links to SandWorldPressExStage. StageData anchor UnitConfigName=DokanStageChange.,
SandWorldPressExStage::entrance::arijigoku1::sub_far,Sand Kingdom,SandWorldPressExStage,Ice Cave,subarea,substage_entrance,EntranceDB,arijigoku1,sub_far,obj149,Substage far side: arijigoku1,-5200.000,-600.000,150.000,0;1;2;3;4;5;6;7;8;9;10;11;12;13;14,Connected from SandWorldHomeStage. StageData anchor UnitConfigName=DokanStageChange.,
SandWorldUnderground001Stage::place::new_place,Sand Kingdom,SandWorldUnderground001Stage,Deepest Underground,subarea,custom_place,editor,,,,Deepest Underground Arena,,,,,Human-authored logic place.,
SandWorldHomeTownZone::start,Sand Kingdom,SandWorldHomeStage,Sand Kingdom,overworld,custom_place,embedded_zone,,,,SandWorldHomeTownZone,20850.000,-2450.000,-12500.000,0;1;2;3;4;5;6;7;8;9;10;11;12;13;14,Embedded map landmark from SandWorldHomeTownZone.,
SandWorldUnderground000Stage::place::new_place,Sand Kingdom,SandWorldUnderground000Stage,Underground Ruins,subarea,custom_place,editor,,,,Underground Ruins Start,,,,,Human-authored logic place.,
SandWorldUnderground000Stage::place::new_place_2,Sand Kingdom,SandWorldUnderground000Stage,Underground Ruins,subarea,custom_place,editor,,,,Underground Ruins End,,,,,Human-authored logic place.,
SandWorldHomeStage::entrance::pyramid01::home_in,Sand Kingdom,SandWorldHomeStage,Sand Kingdom,overworld,home_entrance,EntranceDB,pyramid01,home_in,obj2733;obj3513,Home entrance: pyramid01,-23500.000,-900.000,-26200.000,0;2;3;4;7;8,Vanilla door SandWorldHomeStage<->SandWorldPyramid000Stage (fixed).,
SandWorldHomeStage::entrance::pyramid01::home_out,Sand Kingdom,SandWorldHomeStage,Sand Kingdom,overworld,home_entrance,EntranceDB,pyramid01,home_out,obj2733;obj3513,Home return: pyramid01,-23500.000,-900.000,-26200.000,0;2;3;4;7;8,Vanilla door SandWorldHomeStage<->SandWorldPyramid000Stage (fixed).,
SandWorldPyramid000Stage::entrance::pyramid01::sub_near,Sand Kingdom,SandWorldPyramid000Stage,Inverted Pyramid: Lower Interior,subarea,substage_entrance,EntranceDB,pyramid01,sub_near,obj26,Substage near side: pyramid01,-1750.000,-1700.000,1950.000,0;1;2;3;4;5;6;7;8;9;10;11;12;13;14,Vanilla door SandWorldHomeStage<->SandWorldPyramid000Stage (fixed).,
SandWorldPyramid000Stage::entrance::pyramid01::sub_far,Sand Kingdom,SandWorldPyramid000Stage,Inverted Pyramid: Lower Interior,subarea,substage_entrance,EntranceDB,pyramid01,sub_far,obj26,Substage far side: pyramid01,-1750.000,-1700.000,1950.000,0;1;2;3;4;5;6;7;8;9;10;11;12;13;14,Vanilla door SandWorldHomeStage<->SandWorldPyramid000Stage (fixed).,
SandWorldHomeStage::entrance::pyramid04::home_in,Sand Kingdom,SandWorldHomeStage,Sand Kingdom,overworld,home_entrance,EntranceDB,pyramid04,home_in,obj3408;obj3556,Home entrance: pyramid04,-23450.000,3900.000,-23200.000,0;1;2;3;4;5;6;7;8;9,Vanilla door SandWorldHomeStage<->SandWorldPyramid001Stage (fixed).,
SandWorldHomeStage::entrance::pyramid04::home_out,Sand Kingdom,SandWorldHomeStage,Sand Kingdom,overworld,home_entrance,EntranceDB,pyramid04,home_out,obj3408;obj3556,Home return: pyramid04,-23450.000,3900.000,-23200.000,0;1;2;3;4;5;6;7;8;9,Vanilla door SandWorldHomeStage<->SandWorldPyramid001Stage (fixed).,
SandWorldPyramid001Stage::entrance::pyramid04::sub_near,Sand Kingdom,SandWorldPyramid001Stage,Inverted Pyramid: Upper Interior,subarea,substage_entrance,EntranceDB,pyramid04,sub_near,obj257,Substage near side: pyramid04,9050.000,3900.000,-15850.000,0;1;2;3;4;5;6;7;8;9;10;11;12;13;14,Vanilla door SandWorldHomeStage<->SandWorldPyramid001Stage (fixed).,
SandWorldPyramid001Stage::entrance::pyramid04::sub_far,Sand Kingdom,SandWorldPyramid001Stage,Inverted Pyramid: Upper Interior,subarea,substage_entrance,EntranceDB,pyramid04,sub_far,obj257,Substage far side: pyramid04,9050.000,3900.000,-15850.000,0;1;2;3;4;5;6;7;8;9;10;11;12;13;14,Vanilla door SandWorldHomeStage<->SandWorldPyramid001Stage (fixed).,
SandWorldHomeStage::entrance::Under01::home_in,Sand Kingdom,SandWorldHomeStage,Sand Kingdom,overworld,home_entrance,EntranceDB,Under01,home_in,obj2949,Home entrance: Under01,-18350.000,-542.289,-23400.000,1;2;3;4;9,Vanilla door SandWorldHomeStage<->SandWorldUnderground000Stage (fixed).,
SandWorldHomeStage::entrance::Under01::home_out,Sand Kingdom,SandWorldHomeStage,Sand Kingdom,overworld,home_entrance,EntranceDB,Under01,home_out,obj2949,Home return: Under01,-18350.000,-542.289,-23400.000,1;2;3;4;9,Vanilla door SandWorldHomeStage<->SandWorldUnderground000Stage (fixed).,
SandWorldUnderground000Stage::entrance::Under01::sub_near,Sand Kingdom,SandWorldUnderground000Stage,Underground Ruins,subarea,substage_entrance,EntranceDB,Under01,sub_near,obj229,Substage near side: Under01,2324.750,800.000,-1300.000,0;1;2;3;4;5;6;7;8;9;10;11;12;13;14,Vanilla door SandWorldHomeStage<->SandWorldUnderground000Stage (fixed).,
SandWorldUnderground000Stage::entrance::Under01::sub_far,Sand Kingdom,SandWorldUnderground000Stage,Underground Ruins,subarea,substage_entrance,EntranceDB,Under01,sub_far,obj229,Substage far side: Under01,2324.750,800.000,-1300.000,0;1;2;3;4;5;6;7;8;9;10;11;12;13;14,Vanilla door SandWorldHomeStage<->SandWorldUnderground000Stage (fixed).,
SandWorldHomeStage::entrance::Out::home_in,Sand Kingdom,SandWorldHomeStage,Sand Kingdom,overworld,home_entrance,EntranceDB,Out,home_in,obj3176,Home entrance: Out,-26200.000,-2291.096,-11850.000,2;3;4,Vanilla door SandWorldHomeStage<->SandWorldUnderground001Stage (fixed).,
SandWorldHomeStage::entrance::Out::home_out,Sand Kingdom,SandWorldHomeStage,Sand Kingdom,overworld,home_entrance,EntranceDB,Out,home_out,obj3176,Home return: Out,-26200.000,-2291.096,-11850.000,2;3;4,Vanilla door SandWorldHomeStage<->SandWorldUnderground001Stage (fixed).,
SandWorldUnderground001Stage::entrance::Out::sub_near,Sand Kingdom,SandWorldUnderground001Stage,Deepest Underground,subarea,substage_entrance,EntranceDB,Out,sub_near,obj143,Substage near side: Out,0.000,0.000,-3950.000,2;3;4;5;6,Vanilla door SandWorldHomeStage<->SandWorldUnderground001Stage (fixed).,
SandWorldUnderground001Stage::entrance::Out::sub_far,Sand Kingdom,SandWorldUnderground001Stage,Deepest Underground,subarea,substage_entrance,EntranceDB,Out,sub_far,obj143,Substage far side: Out,0.000,0.000,-3950.000,2;3;4;5;6,Vanilla door SandWorldHomeStage<->SandWorldUnderground001Stage (fixed).,
SandWorldUnderground000Stage::entrance::Yadokari00::home_in,Sand Kingdom,SandWorldUnderground000Stage,Underground Ruins,subarea,home_entrance,EntranceDB,Yadokari00,home_in,obj360,Home entrance: Yadokari00,35500.000,-1250.000,-10900.000,0;1;2;3;4;5;6;7;8;9;10;11;12;13;14,Vanilla door SandWorldUnderground000Stage<->SandWorldUnderground001Stage (fixed).,
SandWorldUnderground000Stage::entrance::Yadokari00::home_out,Sand Kingdom,SandWorldUnderground000Stage,Underground Ruins,subarea,home_entrance,EntranceDB,Yadokari00,home_out,obj360,Home return: Yadokari00,35500.000,-1250.000,-10900.000,0;1;2;3;4;5;6;7;8;9;10;11;12;13;14,Vanilla door SandWorldUnderground000Stage<->SandWorldUnderground001Stage (fixed).,
SandWorldUnderground001Stage::entrance::Yadokari00::sub_near,Sand Kingdom,SandWorldUnderground001Stage,Deepest Underground,subarea,substage_entrance,EntranceDB,Yadokari00,sub_near,obj149,Substage near side: Yadokari00,0.000,2000.000,24250.000,0;1;2;3;4;5;6;7;8;9;10;11;12;13;14,Vanilla door SandWorldUnderground000Stage<->SandWorldUnderground001Stage (fixed).,
SandWorldUnderground001Stage::entrance::Yadokari00::sub_far,Sand Kingdom,SandWorldUnderground001Stage,Deepest Underground,subarea,substage_entrance,EntranceDB,Yadokari00,sub_far,obj149,Substage far side: Yadokari00,0.000,2000.000,24250.000,0;1;2;3;4;5;6;7;8;9;10;11;12;13;14,Vanilla door SandWorldUnderground000Stage<->SandWorldUnderground001Stage (fixed).,
SandWorldPyramid001Stage::place::new_place,Sand Kingdom,SandWorldPyramid001Stage,Inverted Pyramid: Upper Interior,subarea,custom_place,editor,,,,Upper Inverted Pyramid Start,,,,,Human-authored logic place.,
SandWorldHomeStage::place::new_place_6,Sand Kingdom,SandWorldHomeStage,Sand Kingdom,overworld,custom_place,editor,,,,Jaxi Access,,,,,Human-authored logic place.,
SandWorldKillerExStage::place::new_place,Sand Kingdom,SandWorldKillerExStage,Bullet Bill Maze,subarea,custom_place,editor,,,,Rooftop,,,,,Human-authored logic place.,
SandWorldKillerExStage::place::new_place_2,Sand Kingdom,SandWorldKillerExStage,Bullet Bill Maze,subarea,custom_place,editor,,,,Bullet Bill Side Path Free,,,,,Human-authored logic place.,
SandWorldHomeStage::place::new_place_7,Sand Kingdom,SandWorldHomeStage,Sand Kingdom,overworld,custom_place,editor,,,,"Sand Kingdom Purples 1,2,3",,,,,Human-authored logic place.,
SandWorldHomeStage::place::new_place_8,Sand Kingdom,SandWorldHomeStage,Sand Kingdom,overworld,custom_place,editor,,,,"Sand Kingdom Purples 4,5,6",,,,,Human-authored logic place.,
SandWorldHomeStage::place::new_place_9,Sand Kingdom,SandWorldHomeStage,Sand Kingdom,overworld,custom_place,editor,,,,"Sand Kingdom Purples 10,11,12",,,,,Human-authored logic place.,
SandWorldHomeStage::place::new_place_10,Sand Kingdom,SandWorldHomeStage,Sand Kingdom,overworld,custom_place,editor,,,,"Sand Kingdom Purples 13,14,15",,,,,Human-authored logic place.,
SandWorldHomeStage::place::new_place_11,Sand Kingdom,SandWorldHomeStage,Sand Kingdom,overworld,custom_place,editor,,,,"Sand Kingdom Purples 16,17,18,19",,,,,Human-authored logic place.,
SandWorldHomeStage::place::new_place_12,Sand Kingdom,SandWorldHomeStage,Sand Kingdom,overworld,custom_place,editor,,,,"Sand Kingdom Purples 20,21,22",,,,,Human-authored logic place.,
SandWorldHomeStage::place::new_place_13,Sand Kingdom,SandWorldHomeStage,Sand Kingdom,overworld,custom_place,editor,,,,"Sand Kingdom Purples 23,24,25",,,,,Human-authored logic place.,
SandWorldHomeStage::place::new_place_14,Sand Kingdom,SandWorldHomeStage,Sand Kingdom,overworld,custom_place,editor,,,,"Sand Kingdom Purples 26,27,28",,,,,Human-authored logic place.,
SandWorldHomeStage::place::new_place_15,Sand Kingdom,SandWorldHomeStage,Sand Kingdom,overworld,custom_place,editor,,,,"Sand Kingdom Purples 29,30,31",,,,,Human-authored logic place.,
SandWorldHomeStage::place::new_place_16,Sand Kingdom,SandWorldHomeStage,Sand Kingdom,overworld,custom_place,editor,,,,"Sand Kingdom Purples 32,33,34",,,,,Human-authored logic place.,
SandWorldHomeStage::place::new_place_17,Sand Kingdom,SandWorldHomeStage,Sand Kingdom,overworld,custom_place,editor,,,,"Sand Kingdom Purples 35,36,37",,,,,Human-authored logic place.,
SandWorldHomeStage::place::new_place_18,Sand Kingdom,SandWorldHomeStage,Sand Kingdom,overworld,custom_place,editor,,,,"Sand Kingdom Purples 38,39,40",,,,,Human-authored logic place.,
SandWorldHomeStage::place::new_place_19,Sand Kingdom,SandWorldHomeStage,Sand Kingdom,overworld,custom_place,editor,,,,"Sand Kingdom Purples 41,42",,,,,Human-authored logic place.,
SandWorldHomeStage::place::new_place_20,Sand Kingdom,SandWorldHomeStage,Sand Kingdom,overworld,custom_place,editor,,,,"Sand Kingdom Purples 43,44,45,46,47,48",,,,,Human-authored logic place.,
SandWorldHomeStage::place::new_place_21,Sand Kingdom,SandWorldHomeStage,Sand Kingdom,overworld,custom_place,editor,,,,"Sand Kingdom Purples 49,50,51",,,,,Human-authored logic place.,
SandWorldHomeStage::place::new_place_22,Sand Kingdom,SandWorldHomeStage,Sand Kingdom,overworld,custom_place,editor,,,,"Sand Kingdom Purples 60,61,62,63",,,,,Human-authored logic place.,
SandWorldHomeStage::place::new_place_23,Sand Kingdom,SandWorldHomeStage,Sand Kingdom,overworld,custom_place,editor,,,,"Sand Kingdom Purples 7,8,9",,,,,Human-authored logic place.,
SandWorldKillerExStage::place::new_place_3,Sand Kingdom,SandWorldKillerExStage,Bullet Bill Maze,subarea,custom_place,editor,,,,Bullet Bill Maze Purples 1-6,,,,,Human-authored logic place.,
MeganeLiftExStage::place::new_place,Sand Kingdom,MeganeLiftExStage,The Invisible Maze,subarea,custom_place,editor,,,,Invisible Maze Purples 1-4,,,,,Human-authored logic place.,
SandWorldSphinxExStage::place::new_place,Sand Kingdom,SandWorldSphinxExStage,Jaxi Driving,subarea,custom_place,editor,,,,Jaxi Drivingi Purples 1-8,,,,,Human-authored logic place.,
SandWorldPressExStage::place::new_place,Sand Kingdom,SandWorldPressExStage,Ice Cave,subarea,custom_place,editor,,,,Icy Cave Purples 1-4,,,,,Human-authored logic place.,
SandWorldRotateExStage::place::new_place_2,Sand Kingdom,SandWorldRotateExStage,Strange Neighborhood,subarea,custom_place,editor,,,,Strange Neighborhood Purples 1-4,,,,,Human-authored logic place.,
SandWorldUnderground000Stage::place::new_place_3,Sand Kingdom,SandWorldUnderground000Stage,Underground Ruins,subarea,custom_place,editor,,,,Underground Purples 1-3,,,,,Human-authored logic place.,
SandWorldUnderground000Stage::place::new_place_4,Sand Kingdom,SandWorldUnderground000Stage,Underground Ruins,subarea,custom_place,editor,,,,Underground Purples 4-7,,,,,Human-authored logic place.,
SandWorldPyramid001Stage::place::new_place_2,Sand Kingdom,SandWorldPyramid001Stage,Inverted Pyramid: Upper Interior,subarea,custom_place,editor,,,,Inverted Pyramid 2D Purples 1-3,,,,,Human-authored logic place.,
SandWorldUnderground000Stage::place::new_place_5,Sand Kingdom,SandWorldUnderground000Stage,Underground Ruins,subarea,custom_place,editor,,,,Underground Treasure Chest Free,,,,,Human-authored logic place.,
SandWorldPyramid000Stage::entrance::pyramid02::sub_far,Sand Kingdom,SandWorldPyramid000Stage,Inverted Pyramid: Lower Interior,subarea,substage_entrance,StageData,pyramid02,sub_far,obj76,Substage far side: pyramid02,7000.000,2900.000,-4600.000,0;1;2;3;4;5;6;7;8;9;10;11;12;13;14,One-way transition from the lower interior to the Sand Kingdom overworld 2D section. StageData anchor UnitConfigName=DokanStageChange2D.,
SandWorldPyramid001Stage::entrance::pyramid03::sub_near,Sand Kingdom,SandWorldPyramid001Stage,Inverted Pyramid: Upper Interior,subarea,substage_entrance,StageData,pyramid03,sub_near,obj112,Substage near side: pyramid03,-850.000,1350.000,-19850.000,0;1;2;3;4;5;6;7;8;9;10;11;12;13;14,One-way transition from the Sand Kingdom overworld 2D section into the upper interior. StageData anchor UnitConfigName=DokanStageChange2D.,
SandWorldHomeStage::place::new_place_24,Sand Kingdom,SandWorldHomeStage,Sand Kingdom,overworld,custom_place,editor,,,,Tostarena Ruins Above Small 2D Wall,,,,,Human-authored logic place.,
SandWorldHomeStage::place::new_place_25,Sand Kingdom,SandWorldHomeStage,Sand Kingdom,overworld,custom_place,editor,,,,On Top of the Stone Archway,,,,,Human-authored logic place.,
SandWorldHomeStage::place::new_place_26,Sand Kingdom,SandWorldHomeStage,Sand Kingdom,overworld,custom_place,editor,,,,Sand KFR,,,,,Human-authored logic place.,
