anchor_id,node_id,anchor_kind,kingdom,stage,area_scope,change_stage_id,entrance_side,obj_id,x,y,z,source,status,notes
BikeSteelExStage::stage_change::bike::raw,BikeSteelExStage::stage_change::bike::raw,change_stage_id,Metro Kingdom,BikeSteelExStage,subarea,bike,raw,obj1745,200.000,2100.000,1800.000,StageData,,Runtime/stable anchor for graph initialization or event checks.
BikeSteelExStage::stage_change::bikereturn::raw,BikeSteelExStage::stage_change::bikereturn::raw,change_stage_id,Metro Kingdom,BikeSteelExStage,subarea,bikereturn,raw,obj1744,-47195.445,1550.000,-33539.672,StageData,,Runtime/stable anchor for graph initialization or event checks.
BikeSteelExStage::start,BikeSteelExStage::start,stage_start,Metro Kingdom,BikeSteelExStage,subarea,,,,,,,generated,,Runtime/stable anchor for graph initialization or event checks.
BikeSteelExStage::entrance::bike::sub_near,BikeSteelExStage::entrance::bike::sub_near,entrance_side,Metro Kingdom,BikeSteelExStage,subarea,bike,sub_near,obj1745,200.000,2100.000,1800.000,EntranceDB,,Runtime/stable anchor for graph initialization or event checks.
BikeSteelExStage::entrance::bikereturn::sub_far,BikeSteelExStage::entrance::bikereturn::sub_far,entrance_side,Metro Kingdom,BikeSteelExStage,subarea,bikereturn,sub_far,obj1744,-47195.445,1550.000,-33539.672,EntranceDB,,Runtime/stable anchor for graph initialization or event checks.
CapRotatePackunExStage::stage_change::kaitendokan::raw,CapRotatePackunExStage::stage_change::kaitendokan::raw,change_stage_id,Metro Kingdom,CapRotatePackunExStage,subarea,kaitendokan,raw,obj197,-910.500,-700.000,3500.000,StageData,,Runtime/stable anchor for graph initialization or event checks.
CapRotatePackunExStage::start,CapRotatePackunExStage::start,stage_start,Metro Kingdom,CapRotatePackunExStage,subarea,,,,,,,generated,,Runtime/stable anchor for graph initialization or event checks.
CapRotatePackunExStage::entrance::kaitendokan::sub_far,CapRotatePackunExStage::entrance::kaitendokan::sub_far,entrance_side,Metro Kingdom,CapRotatePackunExStage,subarea,kaitendokan,sub_far,obj197,-910.500,-700.000,3500.000,EntranceDB,,Runtime/stable anchor for graph initialization or event checks.
CapRotatePackunExStage::entrance::kaitendokan::sub_near,CapRotatePackunExStage::entrance::kaitendokan::sub_near,entrance_side,Metro Kingdom,CapRotatePackunExStage,subarea,kaitendokan,sub_near,obj197,-910.500,-700.000,3500.000,EntranceDB,,Runtime/stable anchor for graph initialization or event checks.
CityPeopleRoadStage::stage_change::gunsyu::raw,CityPeopleRoadStage::stage_change::gunsyu::raw,change_stage_id,Metro Kingdom,CityPeopleRoadStage,subarea,gunsyu,raw,obj379,-1100.000,-50.000,-5950.000,StageData,,Runtime/stable anchor for graph initialization or event checks.
CityPeopleRoadStage::stage_change::gunsyudokan::raw,CityPeopleRoadStage::stage_change::gunsyudokan::raw,change_stage_id,Metro Kingdom,CityPeopleRoadStage,subarea,gunsyudokan,raw,obj248,333.000,100.000,1250.000,StageData,,Runtime/stable anchor for graph initialization or event checks.
CityPeopleRoadStage::start,CityPeopleRoadStage::start,stage_start,Metro Kingdom,CityPeopleRoadStage,subarea,,,,,,,generated,,Runtime/stable anchor for graph initialization or event checks.
CityPeopleRoadStage::entrance::gunsyu::sub_near,CityPeopleRoadStage::entrance::gunsyu::sub_near,entrance_side,Metro Kingdom,CityPeopleRoadStage,subarea,gunsyu,sub_near,obj379,-1100.000,-50.000,-5950.000,EntranceDB,,Runtime/stable anchor for graph initialization or event checks.
CityPeopleRoadStage::entrance::gunsyudokan::sub_far,CityPeopleRoadStage::entrance::gunsyudokan::sub_far,entrance_side,Metro Kingdom,CityPeopleRoadStage,subarea,gunsyudokan,sub_far,obj248,333.000,100.000,1250.000,EntranceDB,,Runtime/stable anchor for graph initialization or event checks.
CityWorldFactory01Zone::stage_change::under001enter::raw,CityWorldFactory01Zone::stage_change::under001enter::raw,change_stage_id,Metro Kingdom,CityWorldFactoryStage,subarea,under001enter,raw,obj2,37750.000,700.000,6950.000,StageData,,Runtime/stable anchor for graph initialization or event checks.
CityWorldFactoryStage::stage_change::under001enter::raw,CityWorldFactoryStage::stage_change::under001enter::raw,change_stage_id,Metro Kingdom,CityWorldFactoryStage,subarea,under001enter,raw,obj221,-6900.000,1000.000,-2650.000,StageData,,Runtime/stable anchor for graph initialization or event checks.
CityWorldFactoryStage::start,CityWorldFactoryStage::start,stage_start,Metro Kingdom,CityWorldFactoryStage,subarea,,,,,,,generated,,Runtime/stable anchor for graph initialization or event checks.
CityWorldHomeStage::checkpoint::obj14061,CityWorldHomeStage::checkpoint::obj14061,checkpoint_obj,Metro Kingdom,CityWorldHomeStage,overworld,,,obj14061,18150.000,-1300.000,23800.000,StageData,,Runtime/stable anchor for graph initialization or event checks.
CityWorldHomeStage::checkpoint::obj3994,CityWorldHomeStage::checkpoint::obj3994,checkpoint_obj,Metro Kingdom,CityWorldHomeStage,overworld,,,obj3994,0.000,-11.035,10300.000,StageData,,Runtime/stable anchor for graph initialization or event checks.
CityWorldHomeStage::checkpoint::obj3996,CityWorldHomeStage::checkpoint::obj3996,checkpoint_obj,Metro Kingdom,CityWorldHomeStage,overworld,,,obj3996,4700.000,5982.012,-11400.000,StageData,,Runtime/stable anchor for graph initialization or event checks.
CityWorldHomeStage::checkpoint::obj3998,CityWorldHomeStage::checkpoint::obj3998,checkpoint_obj,Metro Kingdom,CityWorldHomeStage,overworld,,,obj3998,17865.000,-16.824,-10650.000,StageData,,Runtime/stable anchor for graph initialization or event checks.
CityWorldHomeStage::checkpoint::obj4000,CityWorldHomeStage::checkpoint::obj4000,checkpoint_obj,Metro Kingdom,CityWorldHomeStage,overworld,,,obj4000,-7500.000,67.976,-8850.000,StageData,,Runtime/stable anchor for graph initialization or event checks.
CityWorldHomeStage::checkpoint::obj4904,CityWorldHomeStage::checkpoint::obj4904,checkpoint_obj,Metro Kingdom,CityWorldHomeStage,overworld,,,obj4904,250.000,82.000,-7100.000,StageData,,Runtime/stable anchor for graph initialization or event checks.
CityWorldHomeStage::checkpoint::obj5012,CityWorldHomeStage::checkpoint::obj5012,checkpoint_obj,Metro Kingdom,CityWorldHomeStage,overworld,,,obj5012,-7200.000,4039.715,1350.000,StageData,,Runtime/stable anchor for graph initialization or event checks.
CityWorldHomeStage::checkpoint::obj5016,CityWorldHomeStage::checkpoint::obj5016,checkpoint_obj,Metro Kingdom,CityWorldHomeStage,overworld,,,obj5016,-0.000,10936.929,-10600.000,StageData,,Runtime/stable anchor for graph initialization or event checks.
CityWorldHomeStage::checkpoint::obj8918,CityWorldHomeStage::checkpoint::obj8918,checkpoint_obj,Metro Kingdom,CityWorldHomeStage,overworld,,,obj8918,5850.000,-11.035,9200.000,StageData,,Runtime/stable anchor for graph initialization or event checks.
CityWorldHomeStage::checkpoint::obj9017,CityWorldHomeStage::checkpoint::obj9017,checkpoint_obj,Metro Kingdom,CityWorldHomeStage,overworld,,,obj9017,3950.000,85.479,-8850.000,StageData,,Runtime/stable anchor for graph initialization or event checks.
CityWorldHomeStage::checkpoint::obj9086,CityWorldHomeStage::checkpoint::obj9086,checkpoint_obj,Metro Kingdom,CityWorldHomeStage,overworld,,,obj9086,-11750.000,142.161,2800.000,StageData,,Runtime/stable anchor for graph initialization or event checks.
CityWorldHomeStage::entrance::Bonus::home_in,CityWorldHomeStage::entrance::Bonus::home_in,entrance_side,Metro Kingdom,CityWorldHomeStage,overworld,Bonus,home_in,obj9088,-8145.875,50.000,-4000.000,EntranceDB,,Runtime/stable anchor for graph initialization or event checks.
CityWorldHomeStage::entrance::Bonus::home_out,CityWorldHomeStage::entrance::Bonus::home_out,entrance_side,Metro Kingdom,CityWorldHomeStage,overworld,Bonus,home_out,obj9088,-8145.875,50.000,-4000.000,EntranceDB,,Runtime/stable anchor for graph initialization or event checks.
CityWorldHomeStage::entrance::bike02::home_in,CityWorldHomeStage::entrance::bike02::home_in,entrance_side,Metro Kingdom,CityWorldHomeStage,overworld,bike02,home_in,obj11188,-4008.420,-50.000,-5963.662,EntranceDB,,Runtime/stable anchor for graph initialization or event checks.
CityWorldHomeStage::entrance::bike02return::home_out,CityWorldHomeStage::entrance::bike02return::home_out,entrance_side,Metro Kingdom,CityWorldHomeStage,overworld,bike02return,home_out,obj14614,-4250.000,-0.000,-6550.000,EntranceDB,,Runtime/stable anchor for graph initialization or event checks.
CityWorldHomeStage::entrance::bike::home_in,CityWorldHomeStage::entrance::bike::home_in,entrance_side,Metro Kingdom,CityWorldHomeStage,overworld,bike,home_in,obj13305,-3050.000,2374.997,-200.000,EntranceDB,,Runtime/stable anchor for graph initialization or event checks.
CityWorldHomeStage::entrance::bikereturn::home_out,CityWorldHomeStage::entrance::bikereturn::home_out,entrance_side,Metro Kingdom,CityWorldHomeStage,overworld,bikereturn,home_out,obj14564,-3050.000,2374.997,-550.000,EntranceDB,,Runtime/stable anchor for graph initialization or event checks.
CityWorldHomeStage::entrance::bou::home_in,CityWorldHomeStage::entrance::bou::home_in,entrance_side,Metro Kingdom,CityWorldHomeStage,overworld,bou,home_in,obj4897,5240.396,-50.000,-450.000,EntranceDB,,Runtime/stable anchor for graph initialization or event checks.
CityWorldHomeStage::entrance::boureturn::home_out,CityWorldHomeStage::entrance::boureturn::home_out,entrance_side,Metro Kingdom,CityWorldHomeStage,overworld,boureturn,home_out,obj14108,3850.000,0.000,-450.000,EntranceDB,,Runtime/stable anchor for graph initialization or event checks.
CityWorldHomeStage::entrance::car::home_in,CityWorldHomeStage::entrance::car::home_in,entrance_side,Metro Kingdom,CityWorldHomeStage,overworld,car,home_in,obj5736,-4099.522,50.000,7914.376,EntranceDB,,Runtime/stable anchor for graph initialization or event checks.
CityWorldHomeStage::entrance::car::home_out,CityWorldHomeStage::entrance::car::home_out,entrance_side,Metro Kingdom,CityWorldHomeStage,overworld,car,home_out,obj5736,-4099.522,50.000,7914.376,EntranceDB,,Runtime/stable anchor for graph initialization or event checks.
CityWorldHomeStage::entrance::densen::home_in,CityWorldHomeStage::entrance::densen::home_in,entrance_side,Metro Kingdom,CityWorldHomeStage,overworld,densen,home_in,obj6473,-5300.000,-50.000,-10414.004,EntranceDB,,Runtime/stable anchor for graph initialization or event checks.
CityWorldHomeStage::entrance::densendokan::home_out,CityWorldHomeStage::entrance::densendokan::home_out,entrance_side,Metro Kingdom,CityWorldHomeStage,overworld,densendokan,home_out,obj14254,-5300.000,0.000,-9650.000,EntranceDB,,Runtime/stable anchor for graph initialization or event checks.
CityWorldHomeStage::entrance::donsuke::home_in,CityWorldHomeStage::entrance::donsuke::home_in,entrance_side,Metro Kingdom,CityWorldHomeStage,overworld,donsuke,home_in,obj14348,1801.339,4000.834,-13049.397,EntranceDB,,Runtime/stable anchor for graph initialization or event checks.
CityWorldHomeStage::entrance::donsuke::home_out,CityWorldHomeStage::entrance::donsuke::home_out,entrance_side,Metro Kingdom,CityWorldHomeStage,overworld,donsuke,home_out,obj14348,1801.339,4000.834,-13049.397,EntranceDB,,Runtime/stable anchor for graph initialization or event checks.
CityWorldHomeStage::entrance::gragra::home_in,CityWorldHomeStage::entrance::gragra::home_in,entrance_side,Metro Kingdom,CityWorldHomeStage,overworld,gragra,home_in,obj13304,2950.000,5600.000,-2100.000,EntranceDB,,Runtime/stable anchor for graph initialization or event checks.
CityWorldHomeStage::entrance::gragrareturn::home_out,CityWorldHomeStage::entrance::gragrareturn::home_out,entrance_side,Metro Kingdom,CityWorldHomeStage,overworld,gragrareturn,home_out,obj14107,2950.000,5600.000,-2400.000,EntranceDB,,Runtime/stable anchor for graph initialization or event checks.
CityWorldHomeStage::entrance::gunsyu::home_in,CityWorldHomeStage::entrance::gunsyu::home_in,entrance_side,Metro Kingdom,CityWorldHomeStage,overworld,gunsyu,home_in,obj14328,-7439.728,-182.742,-11316.779,EntranceDB,,Runtime/stable anchor for graph initialization or event checks.
CityWorldHomeStage::entrance::gunsyudokan::home_out,CityWorldHomeStage::entrance::gunsyudokan::home_out,entrance_side,Metro Kingdom,CityWorldHomeStage,overworld,gunsyudokan,home_out,obj14327,-16260.000,-2100.000,-11850.000,EntranceDB,,Runtime/stable anchor for graph initialization or event checks.
CityWorldHomeStage::entrance::kaitendokan::home_in,CityWorldHomeStage::entrance::kaitendokan::home_in,entrance_side,Metro Kingdom,CityWorldHomeStage,overworld,kaitendokan,home_in,obj10736;obj14252,,,,EntranceDB,,Runtime/stable anchor for graph initialization or event checks.
CityWorldHomeStage::entrance::kaitendokan::home_out,CityWorldHomeStage::entrance::kaitendokan::home_out,entrance_side,Metro Kingdom,CityWorldHomeStage,overworld,kaitendokan,home_out,obj10736;obj14252,,,,EntranceDB,,Runtime/stable anchor for graph initialization or event checks.
CityWorldHomeStage::entrance::main_enter::home_in,CityWorldHomeStage::entrance::main_enter::home_in,entrance_side,Metro Kingdom,CityWorldHomeStage,overworld,main_enter,home_in,obj4457,0.000,5950.000,-10820.229,EntranceDB,,Runtime/stable anchor for graph initialization or event checks.
CityWorldHomeStage::entrance::main_exit::home_out,CityWorldHomeStage::entrance::main_exit::home_out,entrance_side,Metro Kingdom,CityWorldHomeStage,overworld,main_exit,home_out,obj4458,0.000,10900.000,-11697.164,EntranceDB,,Runtime/stable anchor for graph initialization or event checks.
CityWorldHomeStage::entrance::onpu::home_in,CityWorldHomeStage::entrance::onpu::home_in,entrance_side,Metro Kingdom,CityWorldHomeStage,overworld,onpu,home_in,obj2834,-1905.628,-50.000,1250.000,EntranceDB,,Runtime/stable anchor for graph initialization or event checks.
CityWorldHomeStage::entrance::onpu::home_out,CityWorldHomeStage::entrance::onpu::home_out,entrance_side,Metro Kingdom,CityWorldHomeStage,overworld,onpu,home_out,obj2834,-1905.628,-50.000,1250.000,EntranceDB,,Runtime/stable anchor for graph initialization or event checks.
CityWorldHomeStage::entrance::shop_coin::home_in,CityWorldHomeStage::entrance::shop_coin::home_in,entrance_side,Metro Kingdom,CityWorldHomeStage,overworld,shop_coin,home_in,obj9317,-3616.394,-50.000,3925.122,EntranceDB,,Runtime/stable anchor for graph initialization or event checks.
CityWorldHomeStage::entrance::shop_coin::home_out,CityWorldHomeStage::entrance::shop_coin::home_out,entrance_side,Metro Kingdom,CityWorldHomeStage,overworld,shop_coin,home_out,obj9317,-3616.394,-50.000,3925.122,EntranceDB,,Runtime/stable anchor for graph initialization or event checks.
CityWorldHomeStage::entrance::shop_corect::home_in,CityWorldHomeStage::entrance::shop_corect::home_in,entrance_side,Metro Kingdom,CityWorldHomeStage,overworld,shop_corect,home_in,obj7216,-2945.110,-50.000,3923.680,EntranceDB,,Runtime/stable anchor for graph initialization or event checks.
CityWorldHomeStage::entrance::shop_corect::home_out,CityWorldHomeStage::entrance::shop_corect::home_out,entrance_side,Metro Kingdom,CityWorldHomeStage,overworld,shop_corect,home_out,obj7216,-2945.110,-50.000,3923.680,EntranceDB,,Runtime/stable anchor for graph initialization or event checks.
CityWorldHomeStage::entrance::taxi::home_in,CityWorldHomeStage::entrance::taxi::home_in,entrance_side,Metro Kingdom,CityWorldHomeStage,overworld,taxi,home_in,obj15009,400.000,-109.130,-2000.000,EntranceDB,,Runtime/stable anchor for graph initialization or event checks.
CityWorldHomeStage::entrance::taxi::home_out,CityWorldHomeStage::entrance::taxi::home_out,entrance_side,Metro Kingdom,CityWorldHomeStage,overworld,taxi,home_out,obj15009,400.000,-109.130,-2000.000,EntranceDB,,Runtime/stable anchor for graph initialization or event checks.
CityWorldHomeStage::entrance::tenjo::home_in,CityWorldHomeStage::entrance::tenjo::home_in,entrance_side,Metro Kingdom,CityWorldHomeStage,overworld,tenjo,home_in,obj7092,-17350.000,-1900.000,-11850.000,EntranceDB,,Runtime/stable anchor for graph initialization or event checks.
CityWorldHomeStage::entrance::tenjo::home_out,CityWorldHomeStage::entrance::tenjo::home_out,entrance_side,Metro Kingdom,CityWorldHomeStage,overworld,tenjo,home_out,obj7092,-17350.000,-1900.000,-11850.000,EntranceDB,,Runtime/stable anchor for graph initialization or event checks.
CityWorldHomeStage::entrance::theater::home_in,CityWorldHomeStage::entrance::theater::home_in,entrance_side,Metro Kingdom,CityWorldHomeStage,overworld,theater,home_in,obj13499,-6217.654,-50.000,-5513.361,EntranceDB,,Runtime/stable anchor for graph initialization or event checks.
CityWorldHomeStage::entrance::theater::home_out,CityWorldHomeStage::entrance::theater::home_out,entrance_side,Metro Kingdom,CityWorldHomeStage,overworld,theater,home_out,obj13499,-6217.654,-50.000,-5513.361,EntranceDB,,Runtime/stable anchor for graph initialization or event checks.
CityWorldHomeStage::stage_change::Bonus::raw,CityWorldHomeStage::stage_change::Bonus::raw,change_stage_id,Metro Kingdom,CityWorldHomeStage,overworld,Bonus,raw,obj9088,-8145.875,50.000,-4000.000,StageData,,Runtime/stable anchor for graph initialization or event checks.
CityWorldHomeStage::stage_change::CityWorldRacemanStart::raw,CityWorldHomeStage::stage_change::CityWorldRacemanStart::raw,change_stage_id,Metro Kingdom,CityWorldHomeStage,overworld,CityWorldRacemanStart,raw,obj14414,5950.000,3929.791,-300.000,StageData,,Runtime/stable anchor for graph initialization or event checks.
CityWorldHomeStage::stage_change::Come::raw,CityWorldHomeStage::stage_change::Come::raw,change_stage_id,Metro Kingdom,CityWorldHomeStage,overworld,Come,raw,obj8864,19000.000,-1300.000,23800.000,StageData,,Runtime/stable anchor for graph initialization or event checks.
CityWorldHomeStage::stage_change::Go::raw,CityWorldHomeStage::stage_change::Go::raw,change_stage_id,Metro Kingdom,CityWorldHomeStage,overworld,Go,raw,obj8865,-2000.000,2435.000,19650.000,StageData,,Runtime/stable anchor for graph initialization or event checks.
CityWorldHomeStage::stage_change::SessionMayorComplete::raw,CityWorldHomeStage::stage_change::SessionMayorComplete::raw,change_stage_id,Metro Kingdom,CityWorldHomeStage,overworld,SessionMayorComplete,raw,obj10083,-120025.000,4900.000,-2200.000,StageData,,Runtime/stable anchor for graph initialization or event checks.
CityWorldHomeStage::stage_change::SessionMember::raw,CityWorldHomeStage::stage_change::SessionMember::raw,change_stage_id,Metro Kingdom,CityWorldHomeStage,overworld,SessionMember,raw,obj7158,-120025.000,4900.000,-2050.000,StageData,,Runtime/stable anchor for graph initialization or event checks.
CityWorldHomeStage::stage_change::back_from_ceremony::raw,CityWorldHomeStage::stage_change::back_from_ceremony::raw,change_stage_id,Metro Kingdom,CityWorldHomeStage,overworld,back_from_ceremony,raw,obj16099,-120741.336,4900.000,-2387.974,StageData,,Runtime/stable anchor for graph initialization or event checks.
CityWorldHomeStage::stage_change::bike02::raw,CityWorldHomeStage::stage_change::bike02::raw,change_stage_id,Metro Kingdom,CityWorldHomeStage,overworld,bike02,raw,obj11188,-4008.420,-50.000,-5963.662,StageData,,Runtime/stable anchor for graph initialization or event checks.
CityWorldHomeStage::stage_change::bike02return::raw,CityWorldHomeStage::stage_change::bike02return::raw,change_stage_id,Metro Kingdom,CityWorldHomeStage,overworld,bike02return,raw,obj14614,-4250.000,-0.000,-6550.000,StageData,,Runtime/stable anchor for graph initialization or event checks.
CityWorldHomeStage::stage_change::bike::raw,CityWorldHomeStage::stage_change::bike::raw,change_stage_id,Metro Kingdom,CityWorldHomeStage,overworld,bike,raw,obj13305,-3050.000,2374.997,-200.000,StageData,,Runtime/stable anchor for graph initialization or event checks.
CityWorldHomeStage::stage_change::bikereturn::raw,CityWorldHomeStage::stage_change::bikereturn::raw,change_stage_id,Metro Kingdom,CityWorldHomeStage,overworld,bikereturn,raw,obj14564,-3050.000,2374.997,-550.000,StageData,,Runtime/stable anchor for graph initialization or event checks.
CityWorldHomeStage::stage_change::bou::raw,CityWorldHomeStage::stage_change::bou::raw,change_stage_id,Metro Kingdom,CityWorldHomeStage,overworld,bou,raw,obj4897,5240.396,-50.000,-450.000,StageData,,Runtime/stable anchor for graph initialization or event checks.
CityWorldHomeStage::stage_change::boureturn::raw,CityWorldHomeStage::stage_change::boureturn::raw,change_stage_id,Metro Kingdom,CityWorldHomeStage,overworld,boureturn,raw,obj14108,3850.000,0.000,-450.000,StageData,,Runtime/stable anchor for graph initialization or event checks.
CityWorldHomeStage::stage_change::car::raw,CityWorldHomeStage::stage_change::car::raw,change_stage_id,Metro Kingdom,CityWorldHomeStage,overworld,car,raw,obj5736,-4099.522,50.000,7914.376,StageData,,Runtime/stable anchor for graph initialization or event checks.
CityWorldHomeStage::stage_change::densen::raw,CityWorldHomeStage::stage_change::densen::raw,change_stage_id,Metro Kingdom,CityWorldHomeStage,overworld,densen,raw,obj6473,-5300.000,-50.000,-10414.004,StageData,,Runtime/stable anchor for graph initialization or event checks.
CityWorldHomeStage::stage_change::densendokan::raw,CityWorldHomeStage::stage_change::densendokan::raw,change_stage_id,Metro Kingdom,CityWorldHomeStage,overworld,densendokan,raw,obj14254,-5300.000,0.000,-9650.000,StageData,,Runtime/stable anchor for graph initialization or event checks.
CityWorldHomeStage::stage_change::donsuke::raw,CityWorldHomeStage::stage_change::donsuke::raw,change_stage_id,Metro Kingdom,CityWorldHomeStage,overworld,donsuke,raw,obj14348,1801.339,4000.834,-13049.397,StageData,,Runtime/stable anchor for graph initialization or event checks.
CityWorldHomeStage::stage_change::gragra::raw,CityWorldHomeStage::stage_change::gragra::raw,change_stage_id,Metro Kingdom,CityWorldHomeStage,overworld,gragra,raw,obj13304,2950.000,5600.000,-2100.000,StageData,,Runtime/stable anchor for graph initialization or event checks.
CityWorldHomeStage::stage_change::gragrareturn::raw,CityWorldHomeStage::stage_change::gragrareturn::raw,change_stage_id,Metro Kingdom,CityWorldHomeStage,overworld,gragrareturn,raw,obj14107,2950.000,5600.000,-2400.000,StageData,,Runtime/stable anchor for graph initialization or event checks.
CityWorldHomeStage::stage_change::gunsyu::raw,CityWorldHomeStage::stage_change::gunsyu::raw,change_stage_id,Metro Kingdom,CityWorldHomeStage,overworld,gunsyu,raw,obj14328,-7439.728,-182.742,-11316.779,StageData,,Runtime/stable anchor for graph initialization or event checks.
CityWorldHomeStage::stage_change::gunsyudokan::raw,CityWorldHomeStage::stage_change::gunsyudokan::raw,change_stage_id,Metro Kingdom,CityWorldHomeStage,overworld,gunsyudokan,raw,obj14327,-16260.000,-2100.000,-11850.000,StageData,,Runtime/stable anchor for graph initialization or event checks.
CityWorldHomeStage::stage_change::kaitendokan::raw,CityWorldHomeStage::stage_change::kaitendokan::raw,change_stage_id,Metro Kingdom,CityWorldHomeStage,overworld,kaitendokan,raw,obj10736,-6500.000,-6467.891,5250.000,StageData,,Runtime/stable anchor for graph initialization or event checks.
CityWorldHomeStage::stage_change::main_enter::raw,CityWorldHomeStage::stage_change::main_enter::raw,change_stage_id,Metro Kingdom,CityWorldHomeStage,overworld,main_enter,raw,obj4457,0.000,5950.000,-10820.229,StageData,,Runtime/stable anchor for graph initialization or event checks.
CityWorldHomeStage::stage_change::main_exit::raw,CityWorldHomeStage::stage_change::main_exit::raw,change_stage_id,Metro Kingdom,CityWorldHomeStage,overworld,main_exit,raw,obj4458,0.000,10900.000,-11697.164,StageData,,Runtime/stable anchor for graph initialization or event checks.
CityWorldHomeStage::stage_change::onpu::raw,CityWorldHomeStage::stage_change::onpu::raw,change_stage_id,Metro Kingdom,CityWorldHomeStage,overworld,onpu,raw,obj2834,-1905.628,-50.000,1250.000,StageData,,Runtime/stable anchor for graph initialization or event checks.
CityWorldHomeStage::stage_change::session_end::raw,CityWorldHomeStage::stage_change::session_end::raw,change_stage_id,Metro Kingdom,CityWorldHomeStage,overworld,session_end,raw,obj12611,-120025.000,4900.000,-2050.000,StageData,,Runtime/stable anchor for graph initialization or event checks.
CityWorldHomeStage::stage_change::session_restart::raw,CityWorldHomeStage::stage_change::session_restart::raw,change_stage_id,Metro Kingdom,CityWorldHomeStage,overworld,session_restart,raw,obj12612,-2750.000,2600.000,22850.000,StageData,,Runtime/stable anchor for graph initialization or event checks.
CityWorldHomeStage::stage_change::shop_coin::raw,CityWorldHomeStage::stage_change::shop_coin::raw,change_stage_id,Metro Kingdom,CityWorldHomeStage,overworld,shop_coin,raw,obj9317,-3616.394,-50.000,3925.122,StageData,,Runtime/stable anchor for graph initialization or event checks.
CityWorldHomeStage::stage_change::shop_corect::raw,CityWorldHomeStage::stage_change::shop_corect::raw,change_stage_id,Metro Kingdom,CityWorldHomeStage,overworld,shop_corect,raw,obj7216,-2945.110,-50.000,3923.680,StageData,,Runtime/stable anchor for graph initialization or event checks.
CityWorldHomeStage::stage_change::start::raw,CityWorldHomeStage::stage_change::start::raw,change_stage_id,Metro Kingdom,CityWorldHomeStage,overworld,start,raw,obj1800,-2750.000,2600.000,22850.000,StageData,,Runtime/stable anchor for graph initialization or event checks.
CityWorldHomeStage::stage_change::taxi::raw,CityWorldHomeStage::stage_change::taxi::raw,change_stage_id,Metro Kingdom,CityWorldHomeStage,overworld,taxi,raw,obj15009,400.000,-109.130,-2000.000,StageData,,Runtime/stable anchor for graph initialization or event checks.
CityWorldHomeStage::stage_change::tenjo::raw,CityWorldHomeStage::stage_change::tenjo::raw,change_stage_id,Metro Kingdom,CityWorldHomeStage,overworld,tenjo,raw,obj7092,-17350.000,-1900.000,-11850.000,StageData,,Runtime/stable anchor for graph initialization or event checks.
CityWorldHomeStage::stage_change::theater::raw,CityWorldHomeStage::stage_change::theater::raw,change_stage_id,Metro Kingdom,CityWorldHomeStage,overworld,theater,raw,obj13499,-6217.654,-50.000,-5513.361,StageData,,Runtime/stable anchor for graph initialization or event checks.
CityWorldHomeStage::stage_change::under001enter::raw,CityWorldHomeStage::stage_change::under001enter::raw,change_stage_id,Metro Kingdom,CityWorldHomeStage,overworld,under001enter,raw,obj5842,-6950.000,-6565.734,-7400.000,StageData,,Runtime/stable anchor for graph initialization or event checks.
CityWorldHomeStage::start,CityWorldHomeStage::start,stage_start,Metro Kingdom,CityWorldHomeStage,overworld,,,,,,,generated,,Runtime/stable anchor for graph initialization or event checks.
CityWorldHomeStage::event::MoonRockActive_Metro,CityWorldHomeStage::event::MoonRockActive_Metro,state_event,Metro Kingdom,CityWorldHomeStage,overworld,,,obj12582,1300.000,2800.000,20950.000,StageData:progression_events,,Runtime/stable anchor for graph initialization or event checks.
CityWorldHomeStage::event::WorldPeace_Metro,CityWorldHomeStage::event::WorldPeace_Metro,state_event,Metro Kingdom,CityWorldHomeStage,overworld,,,,,,,progression_events,,Runtime/stable anchor for graph initialization or event checks.
CityWorldMainTowerStage::stage_change::main_enter::raw,CityWorldMainTowerStage::stage_change::main_enter::raw,change_stage_id,Metro Kingdom,CityWorldMainTowerStage,subarea,main_enter,raw,obj7,0.000,1600.000,3376.675,StageData,,Runtime/stable anchor for graph initialization or event checks.
CityWorldMainTowerStage::stage_change::main_exit::raw,CityWorldMainTowerStage::stage_change::main_exit::raw,change_stage_id,Metro Kingdom,CityWorldMainTowerStage,subarea,main_exit,raw,obj5,0.000,9600.000,3348.965,StageData,,Runtime/stable anchor for graph initialization or event checks.
CityWorldMainTowerStage::start,CityWorldMainTowerStage::start,stage_start,Metro Kingdom,CityWorldMainTowerStage,subarea,,,,,,,generated,,Runtime/stable anchor for graph initialization or event checks.
CityWorldMainTowerStage::entrance::main_enter::sub_near,CityWorldMainTowerStage::entrance::main_enter::sub_near,entrance_side,Metro Kingdom,CityWorldMainTowerStage,subarea,main_enter,sub_near,obj7,0.000,1600.000,3376.675,EntranceDB,,Runtime/stable anchor for graph initialization or event checks.
CityWorldMainTowerStage::entrance::main_exit::sub_far,CityWorldMainTowerStage::entrance::main_exit::sub_far,entrance_side,Metro Kingdom,CityWorldMainTowerStage,subarea,main_exit,sub_far,obj5,0.000,9600.000,3348.965,EntranceDB,,Runtime/stable anchor for graph initialization or event checks.
CityWorldSandSlotStage::stage_change::Bonus::raw,CityWorldSandSlotStage::stage_change::Bonus::raw,change_stage_id,Metro Kingdom,CityWorldSandSlotStage,subarea,Bonus,raw,obj20,0.000,-150.000,950.000,StageData,,Runtime/stable anchor for graph initialization or event checks.
CityWorldSandSlotStage::start,CityWorldSandSlotStage::start,stage_start,Metro Kingdom,CityWorldSandSlotStage,subarea,,,,,,,generated,,Runtime/stable anchor for graph initialization or event checks.
CityWorldSandSlotStage::entrance::Bonus::sub_far,CityWorldSandSlotStage::entrance::Bonus::sub_far,entrance_side,Metro Kingdom,CityWorldSandSlotStage,subarea,Bonus,sub_far,obj20,0.000,-150.000,950.000,EntranceDB,,Runtime/stable anchor for graph initialization or event checks.
CityWorldSandSlotStage::entrance::Bonus::sub_near,CityWorldSandSlotStage::entrance::Bonus::sub_near,entrance_side,Metro Kingdom,CityWorldSandSlotStage,subarea,Bonus,sub_near,obj20,0.000,-150.000,950.000,EntranceDB,,Runtime/stable anchor for graph initialization or event checks.
CityWorldShop01Stage::stage_change::shop_coin::raw,CityWorldShop01Stage::stage_change::shop_coin::raw,change_stage_id,Metro Kingdom,CityWorldShop01Stage,subarea,shop_coin,raw,obj6,0.000,-100.000,350.000,StageData,,Runtime/stable anchor for graph initialization or event checks.
CityWorldShop01Stage::stage_change::shop_corect::raw,CityWorldShop01Stage::stage_change::shop_corect::raw,change_stage_id,Metro Kingdom,CityWorldShop01Stage,subarea,shop_corect,raw,obj159,1250.000,-50.000,350.000,StageData,,Runtime/stable anchor for graph initialization or event checks.
CityWorldShop01Stage::start,CityWorldShop01Stage::start,stage_start,Metro Kingdom,CityWorldShop01Stage,subarea,,,,,,,generated,,Runtime/stable anchor for graph initialization or event checks.
CityWorldShop01Stage::entrance::shop_coin::sub_far,CityWorldShop01Stage::entrance::shop_coin::sub_far,entrance_side,Metro Kingdom,CityWorldShop01Stage,subarea,shop_coin,sub_far,obj6,0.000,-100.000,350.000,EntranceDB,,Runtime/stable anchor for graph initialization or event checks.
CityWorldShop01Stage::entrance::shop_coin::sub_near,CityWorldShop01Stage::entrance::shop_coin::sub_near,entrance_side,Metro Kingdom,CityWorldShop01Stage,subarea,shop_coin,sub_near,obj6,0.000,-100.000,350.000,EntranceDB,,Runtime/stable anchor for graph initialization or event checks.
CityWorldShop01Stage::entrance::shop_corect::sub_far,CityWorldShop01Stage::entrance::shop_corect::sub_far,entrance_side,Metro Kingdom,CityWorldShop01Stage,subarea,shop_corect,sub_far,obj159,1250.000,-50.000,350.000,EntranceDB,,Runtime/stable anchor for graph initialization or event checks.
CityWorldShop01Stage::entrance::shop_corect::sub_near,CityWorldShop01Stage::entrance::shop_corect::sub_near,entrance_side,Metro Kingdom,CityWorldShop01Stage,subarea,shop_corect,sub_near,obj159,1250.000,-50.000,350.000,EntranceDB,,Runtime/stable anchor for graph initialization or event checks.
DonsukeExStage::stage_change::donsuke::raw,DonsukeExStage::stage_change::donsuke::raw,change_stage_id,Metro Kingdom,DonsukeExStage,subarea,donsuke,raw,obj1176,12100.000,-50.000,2750.000,StageData,,Runtime/stable anchor for graph initialization or event checks.
DonsukeExStage::start,DonsukeExStage::start,stage_start,Metro Kingdom,DonsukeExStage,subarea,,,,,,,generated,,Runtime/stable anchor for graph initialization or event checks.
DonsukeExStage::entrance::donsuke::sub_far,DonsukeExStage::entrance::donsuke::sub_far,entrance_side,Metro Kingdom,DonsukeExStage,subarea,donsuke,sub_far,obj1176,12100.000,-50.000,2750.000,EntranceDB,,Runtime/stable anchor for graph initialization or event checks.
DonsukeExStage::entrance::donsuke::sub_near,DonsukeExStage::entrance::donsuke::sub_near,entrance_side,Metro Kingdom,DonsukeExStage,subarea,donsuke,sub_near,obj1176,12100.000,-50.000,2750.000,EntranceDB,,Runtime/stable anchor for graph initialization or event checks.
ElectricWireExStage::stage_change::densen::raw,ElectricWireExStage::stage_change::densen::raw,change_stage_id,Metro Kingdom,ElectricWireExStage,subarea,densen,raw,obj792,467.809,-850.000,3764.352,StageData,,Runtime/stable anchor for graph initialization or event checks.
ElectricWireExStage::stage_change::densendokan::raw,ElectricWireExStage::stage_change::densendokan::raw,change_stage_id,Metro Kingdom,ElectricWireExStage,subarea,densendokan,raw,obj794,13945.000,-350.000,-19365.000,StageData,,Runtime/stable anchor for graph initialization or event checks.
ElectricWireExStage::start,ElectricWireExStage::start,stage_start,Metro Kingdom,ElectricWireExStage,subarea,,,,,,,generated,,Runtime/stable anchor for graph initialization or event checks.
ElectricWireExStage::entrance::densen::sub_near,ElectricWireExStage::entrance::densen::sub_near,entrance_side,Metro Kingdom,ElectricWireExStage,subarea,densen,sub_near,obj792,467.809,-850.000,3764.352,EntranceDB,,Runtime/stable anchor for graph initialization or event checks.
ElectricWireExStage::entrance::densendokan::sub_far,ElectricWireExStage::entrance::densendokan::sub_far,entrance_side,Metro Kingdom,ElectricWireExStage,subarea,densendokan,sub_far,obj794,13945.000,-350.000,-19365.000,EntranceDB,,Runtime/stable anchor for graph initialization or event checks.
Note2D3DRoomExStage::stage_change::onpu::raw,Note2D3DRoomExStage::stage_change::onpu::raw,change_stage_id,Metro Kingdom,Note2D3DRoomExStage,subarea,onpu,raw,obj933,-50.000,-50.000,1100.000,StageData,,Runtime/stable anchor for graph initialization or event checks.
Note2D3DRoomExStage::start,Note2D3DRoomExStage::start,stage_start,Metro Kingdom,Note2D3DRoomExStage,subarea,,,,,,,generated,,Runtime/stable anchor for graph initialization or event checks.
Note2D3DRoomExStage::entrance::onpu::sub_far,Note2D3DRoomExStage::entrance::onpu::sub_far,entrance_side,Metro Kingdom,Note2D3DRoomExStage,subarea,onpu,sub_far,obj933,-50.000,-50.000,1100.000,EntranceDB,,Runtime/stable anchor for graph initialization or event checks.
Note2D3DRoomExStage::entrance::onpu::sub_near,Note2D3DRoomExStage::entrance::onpu::sub_near,entrance_side,Metro Kingdom,Note2D3DRoomExStage,subarea,onpu,sub_near,obj933,-50.000,-50.000,1100.000,EntranceDB,,Runtime/stable anchor for graph initialization or event checks.
PoleGrabCeilExStage::stage_change::tenjo::raw,PoleGrabCeilExStage::stage_change::tenjo::raw,change_stage_id,Metro Kingdom,PoleGrabCeilExStage,subarea,tenjo,raw,obj846,-4100.000,772.000,3277.594,StageData,,Runtime/stable anchor for graph initialization or event checks.
PoleGrabCeilExStage::start,PoleGrabCeilExStage::start,stage_start,Metro Kingdom,PoleGrabCeilExStage,subarea,,,,,,,generated,,Runtime/stable anchor for graph initialization or event checks.
PoleGrabCeilExStage::entrance::tenjo::sub_far,PoleGrabCeilExStage::entrance::tenjo::sub_far,entrance_side,Metro Kingdom,PoleGrabCeilExStage,subarea,tenjo,sub_far,obj846;obj847,,,,EntranceDB,,Runtime/stable anchor for graph initialization or event checks.
PoleGrabCeilExStage::entrance::tenjo::sub_near,PoleGrabCeilExStage::entrance::tenjo::sub_near,entrance_side,Metro Kingdom,PoleGrabCeilExStage,subarea,tenjo,sub_near,obj846;obj847,,,,EntranceDB,,Runtime/stable anchor for graph initialization or event checks.
PoleKillerExStage::stage_change::bou::raw,PoleKillerExStage::stage_change::bou::raw,change_stage_id,Metro Kingdom,PoleKillerExStage,subarea,bou,raw,obj1657,-2400.903,2650.000,950.000,StageData,,Runtime/stable anchor for graph initialization or event checks.
PoleKillerExStage::stage_change::boureturn::raw,PoleKillerExStage::stage_change::boureturn::raw,change_stage_id,Metro Kingdom,PoleKillerExStage,subarea,boureturn,raw,obj1767,8200.000,6203.630,-2075.000,StageData,,Runtime/stable anchor for graph initialization or event checks.
PoleKillerExStage::start,PoleKillerExStage::start,stage_start,Metro Kingdom,PoleKillerExStage,subarea,,,,,,,generated,,Runtime/stable anchor for graph initialization or event checks.
PoleKillerExStage::entrance::bou::sub_near,PoleKillerExStage::entrance::bou::sub_near,entrance_side,Metro Kingdom,PoleKillerExStage,subarea,bou,sub_near,obj1657,-2400.903,2650.000,950.000,EntranceDB,,Runtime/stable anchor for graph initialization or event checks.
PoleKillerExStage::entrance::boureturn::sub_far,PoleKillerExStage::entrance::boureturn::sub_far,entrance_side,Metro Kingdom,PoleKillerExStage,subarea,boureturn,sub_far,obj1767,8200.000,6203.630,-2075.000,EntranceDB,,Runtime/stable anchor for graph initialization or event checks.
RadioControlExStage::stage_change::car::raw,RadioControlExStage::stage_change::car::raw,change_stage_id,Metro Kingdom,RadioControlExStage,subarea,car,raw,obj45,0.000,-300.000,-300.000,StageData,,Runtime/stable anchor for graph initialization or event checks.
RadioControlExStage::start,RadioControlExStage::start,stage_start,Metro Kingdom,RadioControlExStage,subarea,,,,,,,generated,,Runtime/stable anchor for graph initialization or event checks.
RadioControlExStage::entrance::car::sub_far,RadioControlExStage::entrance::car::sub_far,entrance_side,Metro Kingdom,RadioControlExStage,subarea,car,sub_far,obj45,0.000,-300.000,-300.000,EntranceDB,,Runtime/stable anchor for graph initialization or event checks.
RadioControlExStage::entrance::car::sub_near,RadioControlExStage::entrance::car::sub_near,entrance_side,Metro Kingdom,RadioControlExStage,subarea,car,sub_near,obj45,0.000,-300.000,-300.000,EntranceDB,,Runtime/stable anchor for graph initialization or event checks.
ShootingCityExStage::stage_change::taxi::raw,ShootingCityExStage::stage_change::taxi::raw,change_stage_id,Metro Kingdom,ShootingCityExStage,subarea,taxi,raw,obj412,-2500.000,-200.000,6250.000,StageData,,Runtime/stable anchor for graph initialization or event checks.
ShootingCityExStage::stage_change::taxireturn::raw,ShootingCityExStage::stage_change::taxireturn::raw,change_stage_id,Metro Kingdom,ShootingCityExStage,subarea,taxireturn,raw,obj344,3141.508,-50.000,-15850.000,StageData,,Runtime/stable anchor for graph initialization or event checks.
ShootingCityExStage::start,ShootingCityExStage::start,stage_start,Metro Kingdom,ShootingCityExStage,subarea,,,,,,,generated,,Runtime/stable anchor for graph initialization or event checks.
SwingSteelExStage::stage_change::gragra::raw,SwingSteelExStage::stage_change::gragra::raw,change_stage_id,Metro Kingdom,SwingSteelExStage,subarea,gragra,raw,obj360,-1950.000,800.000,-200.000,StageData,,Runtime/stable anchor for graph initialization or event checks.
SwingSteelExStage::stage_change::gragrareturn::raw,SwingSteelExStage::stage_change::gragrareturn::raw,change_stage_id,Metro Kingdom,SwingSteelExStage,subarea,gragrareturn,raw,obj361,-150.000,1800.000,-22950.000,StageData,,Runtime/stable anchor for graph initialization or event checks.
SwingSteelExStage::start,SwingSteelExStage::start,stage_start,Metro Kingdom,SwingSteelExStage,subarea,,,,,,,generated,,Runtime/stable anchor for graph initialization or event checks.
SwingSteelExStage::entrance::gragra::sub_near,SwingSteelExStage::entrance::gragra::sub_near,entrance_side,Metro Kingdom,SwingSteelExStage,subarea,gragra,sub_near,obj360,-1950.000,800.000,-200.000,EntranceDB,,Runtime/stable anchor for graph initialization or event checks.
SwingSteelExStage::entrance::gragrareturn::sub_far,SwingSteelExStage::entrance::gragrareturn::sub_far,entrance_side,Metro Kingdom,SwingSteelExStage,subarea,gragrareturn,sub_far,obj361,-150.000,1800.000,-22950.000,EntranceDB,,Runtime/stable anchor for graph initialization or event checks.
Theater2DExStage::stage_change::theater::raw,Theater2DExStage::stage_change::theater::raw,change_stage_id,Metro Kingdom,Theater2DExStage,subarea,theater,raw,obj91,9300.000,-150.000,-33450.000,StageData,,Runtime/stable anchor for graph initialization or event checks.
Theater2DExStage::start,Theater2DExStage::start,stage_start,Metro Kingdom,Theater2DExStage,subarea,,,,,,,generated,,Runtime/stable anchor for graph initialization or event checks.
Theater2DExStage::entrance::theater::sub_far,Theater2DExStage::entrance::theater::sub_far,entrance_side,Metro Kingdom,Theater2DExStage,subarea,theater,sub_far,obj91,9300.000,-150.000,-33450.000,EntranceDB,,Runtime/stable anchor for graph initialization or event checks.
Theater2DExStage::entrance::theater::sub_near,Theater2DExStage::entrance::theater::sub_near,entrance_side,Metro Kingdom,Theater2DExStage,subarea,theater,sub_near,obj91,9300.000,-150.000,-33450.000,EntranceDB,,Runtime/stable anchor for graph initialization or event checks.
TrexBikeExStage::stage_change::bike02::raw,TrexBikeExStage::stage_change::bike02::raw,change_stage_id,Metro Kingdom,TrexBikeExStage,subarea,bike02,raw,obj5111,-6875.000,2850.000,600.000,StageData,,Runtime/stable anchor for graph initialization or event checks.
TrexBikeExStage::stage_change::bike02return::raw,TrexBikeExStage::stage_change::bike02return::raw,change_stage_id,Metro Kingdom,TrexBikeExStage,subarea,bike02return,raw,obj3655,62299.996,-2000.000,1630.002,StageData,,Runtime/stable anchor for graph initialization or event checks.
TrexBikeExStage::start,TrexBikeExStage::start,stage_start,Metro Kingdom,TrexBikeExStage,subarea,,,,,,,generated,,Runtime/stable anchor for graph initialization or event checks.
TrexBikeExStage::entrance::bike02::sub_near,TrexBikeExStage::entrance::bike02::sub_near,entrance_side,Metro Kingdom,TrexBikeExStage,subarea,bike02,sub_near,obj5111,-6875.000,2850.000,600.000,EntranceDB,,Runtime/stable anchor for graph initialization or event checks.
TrexBikeExStage::entrance::bike02return::sub_far,TrexBikeExStage::entrance::bike02return::sub_far,entrance_side,Metro Kingdom,TrexBikeExStage,subarea,bike02return,sub_far,obj3655,62299.996,-2000.000,1630.002,EntranceDB,,Runtime/stable anchor for graph initialization or event checks.
CityWorldHomeStage::entrance::taxireturn::home_out,CityWorldHomeStage::entrance::taxireturn::home_out,entrance_side,Metro Kingdom,CityWorldHomeStage,overworld,taxireturn,home_out,obj344,3141.508,-50.000,-15850.000,EntranceDB,,Runtime/stable anchor for graph initialization or event checks.
ShootingCityExStage::entrance::taxi::sub_near,ShootingCityExStage::entrance::taxi::sub_near,entrance_side,Metro Kingdom,ShootingCityExStage,subarea,taxi,sub_near,obj412,-2500.000,-200.000,6250.000,EntranceDB,,Runtime/stable anchor for graph initialization or event checks.
ShootingCityExStage::entrance::taxireturn::sub_far,ShootingCityExStage::entrance::taxireturn::sub_far,entrance_side,Metro Kingdom,ShootingCityExStage,subarea,taxireturn,sub_far,obj344,3141.508,-50.000,-15850.000,EntranceDB,,Runtime/stable anchor for graph initialization or event checks.
CityWorldHomeStage::entrance::under001enter::home_in,CityWorldHomeStage::entrance::under001enter::home_in,entrance_side,Metro Kingdom,CityWorldHomeStage,overworld,under001enter,home_in,obj13901;obj2;obj5842,-5500.000,-200.000,8450.000,EntranceDB,,Runtime/stable anchor for graph initialization or event checks.
CityWorldHomeStage::entrance::under001enter::home_out,CityWorldHomeStage::entrance::under001enter::home_out,entrance_side,Metro Kingdom,CityWorldHomeStage,overworld,under001enter,home_out,obj13901;obj2;obj5842,-5500.000,-200.000,8450.000,EntranceDB,,Runtime/stable anchor for graph initialization or event checks.
CityWorldFactoryStage::entrance::under001enter::sub_near,CityWorldFactoryStage::entrance::under001enter::sub_near,entrance_side,Metro Kingdom,CityWorldFactoryStage,subarea,under001enter,sub_near,obj221,-6900.000,1000.000,-2650.000,EntranceDB,,Runtime/stable anchor for graph initialization or event checks.
CityWorldFactoryStage::entrance::under001enter::sub_far,CityWorldFactoryStage::entrance::under001enter::sub_far,entrance_side,Metro Kingdom,CityWorldFactoryStage,subarea,under001enter,sub_far,obj221,-6900.000,1000.000,-2650.000,EntranceDB,,Runtime/stable anchor for graph initialization or event checks.
